buyer_id,buyer_name,buyer_company,buyer_city,buyer_state,buyer_territory_id,buyer_district,buyer_region_id,buyer_region_name,buyer_region_code
145173,Quinn Rodriguez,Abraham Neudorf,Cuauhtemoc,CH,,,,,
436486,Indigo Perez,,Gillette,WY,396,7,3,Upper Midwest,R3
524638,Quinn Martin,Bowman Construction LLC,Bakersfield,CA,334,11,2,Pacific Coast,R2
186940,Gray Jones,Inola Portable Buildings,Inola,OK,3,1,3,Upper Midwest,R3
481094,Drew Clark,,Perry,OK,2,1,3,Upper Midwest,R3
524950,Drew Williams,Empire Ag Inc.,Arvin,CA,334,11,2,Pacific Coast,R2
425294,Gray White,,Kilgore,TX,88,4,4,Southern Plains,R4
524763,Noel Jones,Becerra Farm Services,Oakdale,CA,337,11,2,Pacific Coast,R2
522752,Gray Walker,,Larned,KS,5,1,3,Upper Midwest,R3
522812,Riley Smith,Robert Gioletti and Sons Dairy Inc,Turlock,CA,337,11,2,Pacific Coast,R2
524192,Riley Clark,Capacity Chemical,"WESTLEY, CA",CA,337,11,2,Pacific Coast,R2
67626,Finley Davis,Sanders Farms,Towner,CO,210,7,3,Upper Midwest,R3
428427,Dakota Lee,,Checotah,OK,18,13,4,Southern Plains,R4
524504,Finley Clark,,Las Vegas,NV,327,12,2,Pacific Coast,R2
51181,Jamie Williams,,Tatums,OK,355,13,4,Southern Plains,R4
523967,Morgan Lewis,California Freight,Ripon,CA,341,10,2,Pacific Coast,R2
524204,Ellis Rodriguez,,Modesto,CA,337,11,2,Pacific Coast,R2
259429,Quinn White,Deliver ATX LLC,Round Rock,TX,354,4,4,Southern Plains,R4
486462,Indigo Lee,Imports my son,Cudahy,CA,369,12,2,Pacific Coast,R2
144039,Quinn Anderson,Panda Industrial Solutions,Hialeah,FL,167,20,5,South Atlantic,R5
523248,Noel Jackson,Best Drayage,Gustine,CA,337,11,2,Pacific Coast,R2
521005,Val Lopez,"Agile Transportation, Inc",Lodi,CA,341,10,2,Pacific Coast,R2
490473,Sage Smith,Antonini Equipment LLC,Stockton,CA,341,10,2,Pacific Coast,R2
524980,Sam Gonzalez,,Saint Paul,MN,13,3,3,Upper Midwest,R3
520931,Riley Harris,,Stockton,CA,341,10,2,Pacific Coast,R2
522467,Wesley Williams,,Turlock,CA,337,11,2,Pacific Coast,R2
522457,Val Jackson,Wilkerson Crane Rental,Bonner Springs,KS,4,2,3,Upper Midwest,R3
521239,Gray Lee,Quintero Transport,Riverbank,CA,337,11,2,Pacific Coast,R2
520853,Gray Lewis,JTA Trucking,Stockton,CA,341,10,2,Pacific Coast,R2
182743,Dakota Davis,D & R Trucking Services LLC,Camdenton,MO,19,2,3,Upper Midwest,R3
360233,Quinn Harris,"Tir Conaill Concrete, Inc.",Park Ridge,IL,196,6,6,Great Lakes,R6
416525,Sage Clark,Lions R&R LLC,Crosby,TX,46,15,4,Southern Plains,R4
9992,Buyer Default @ $0,,Manhattan,KS,99,1,3,Upper Midwest,R3
59527,Alex Wilson,Trump Trucks Inc.,Kahoka,MO,108,2,3,Upper Midwest,R3
225735,Wesley Hernandez,CSR Truck and Equipment Sales,Marthasville,MO,60,2,3,Upper Midwest,R3
418719,Riley Brown,,Hinckley,IL,115,22,6,Great Lakes,R6
214004,Lane Martinez,,Shattuck,OK,22,1,3,Upper Midwest,R3
17682,Indigo White,Washmon Farms,Hillsboro,KS,2,1,3,Upper Midwest,R3
458813,Jamie Martinez,,Pasadena,TX,46,15,4,Southern Plains,R4
111282,Avery Lewis,Jacob Loewen,Cuauhtemoc,CH,329,12,2,Pacific Coast,R2
518917,Jordan Wilson,Gjdesignsllc,Sahuarita,AZ,326,8,2,Pacific Coast,R2
419934,Sage Jones,"Mainline Services, LLC",Kansas City,MO,9,2,3,Upper Midwest,R3
488561,Taylor Moore,,Pittsburg,IL,371,22,6,Great Lakes,R6
475045,Gray Perez,TF Farms,Flippin,AR,17,14,4,Southern Plains,R4
458960,Lane Thomas,,Upper Marlboro,MD,376,26,1,North Atlantic,R1
140421,Sage Gonzalez,C & H Haying,Gordon,NE,50,21,3,Upper Midwest,R3
171474,Sam Johnson,,LABOLT,SD,350,21,3,Upper Midwest,R3
426652,Jordan Hall,CONSTRUCCIONES Y URBANIZACIONES DE MONCLOVA SA DE CV  N,MONCLOVA,CO,,,,,
241993,Taylor Moore,Brookstone Specialty Services,Ames,IA,346,3,3,Upper Midwest,R3
56898,Lane Wilson,G&M Ranch LLC,Topeka,KS,4,2,3,Upper Midwest,R3
212801,Kendall Lopez,Skyler Design Build,Houston,TX,46,15,4,Southern Plains,R4
344581,Lane Johnson,,McPherson,KS,5,1,3,Upper Midwest,R3
101446,Sam Rodriguez,Midwest Turf & Landscape,Auburn,KS,4,2,3,Upper Midwest,R3
210258,Finley Smith,Jenkins Farm,Waco,TX,354,4,4,Southern Plains,R4
522659,Noel Clark,,Liberal,KS,22,1,3,Upper Midwest,R3
60345,Jordan Martin,Kevin Quick Farms,Borup,MN,39,3,3,Upper Midwest,R3
524518,Avery Lee,,Zumbrota,MN,347,3,3,Upper Midwest,R3
511454,Quinn Wilson,,Alpena,SD,21,21,3,Upper Midwest,R3
285060,Finley Robinson,Kruckeberg Motorsports LLC,Blooming Prairie,MN,347,3,3,Upper Midwest,R3
118802,Cameron Brown,"Utility Trailer Sales of Colorado, LLC",Henderson,CO,209,7,3,Upper Midwest,R3
155550,Mason Moore,Chipperfield Ag Erectors,McCook,NE,50,21,3,Upper Midwest,R3
521555,Sam Jackson,,Goodridge,MN,39,3,3,Upper Midwest,R3
487170,Cameron Lopez,Monson Excavating LLC,Willmar,MN,348,3,3,Upper Midwest,R3
484372,Blake Thomas,,Huajuapan de León,OA,40,4,4,Southern Plains,R4
353665,Quinn Martinez,Friesen Agriculture Exports LLC,Sublette,KS,22,1,3,Upper Midwest,R3
365708,Jordan Rodriguez,Pro Rooter Welding Inc.,Fort Smith,AR,356,13,4,Southern Plains,R4
510600,Morgan Brown,Henrich Directional Drilling & Utilities,Montgomery,LA,131,14,4,Southern Plains,R4
112109,Terry White,Osward Sandoval,Spring Valley,NY,406,28,1,North Atlantic,R1
265091,Cameron Williams,Blue Steel Transport LLC,Houston,TX,46,15,4,Southern Plains,R4
62323,Morgan Harris,ROCKY MTN EQT & RNTL LLC,Buffalo,WY,396,7,3,Upper Midwest,R3
254237,Gray Gonzalez,Ruben Cifuentes,Chimaltenango,OK,422,13,4,Southern Plains,R4
212089,Parker Lewis,PAGE BARKER,Adairville,KY,185,23,6,Great Lakes,R6
220522,Morgan Lopez,Raul Martinez Trucking,Weslaco,TX,77,15,4,Southern Plains,R4
177894,River Clark,TL Steel LLC,Burrton,KS,5,1,3,Upper Midwest,R3
169194,Wesley Jackson,SWP Communications LLC,Joplin,MO,3,1,3,Upper Midwest,R3
481364,Cameron Gonzalez,,Chihuahua,CH,,,,,
57029,Noel Jones,Seichepine Farms,NORTONVILLE,KS,4,2,3,Upper Midwest,R3
238141,Lane Hernandez,Brennan Iron & Steel,Oglesby,IL,115,22,6,Great Lakes,R6
460885,Jordan Johnson,Benchmark Auto,Liberty,MO,9,2,3,Upper Midwest,R3
31346,Taylor Lee,TT&T Salvage & Tow,Richmond,KS,4,2,3,Upper Midwest,R3
467321,Harper Clark,The Trash Box,Lee's Summit,MO,9,2,3,Upper Midwest,R3
427174,Finley White,Gard Fencing & Skid Steer,Kingsville,MO,9,2,3,Upper Midwest,R3
523159,Terry Gonzalez,,Rioverde,SL,,,,,
458453,Casey Moore,Victor & Virginia Transport LLC,Mesquite,TX,197,4,4,Southern Plains,R4
459432,Terry White,,AGUASCALIENTES,AG,,,,,
84845,Val Martinez,"High Plains Enterprises Southwest, Inc.",Phoenix,AZ,367,8,2,Pacific Coast,R2
55775,Sam Taylor,Green Construction,Claremore,OK,3,1,3,Upper Midwest,R3
399119,Avery Lewis,Ty Rowland,Harrison,AR,17,14,4,Southern Plains,R4
41889,Quinn Wilson,,Pratt,KS,2,1,3,Upper Midwest,R3
263885,Noel Jones,Craig County District 1,Vinita,OK,3,1,3,Upper Midwest,R3
278512,Reed Brown,,Newkirk,OK,2,1,3,Upper Midwest,R3
353618,Reed Davis,Levi Larkins,Soldier,KS,4,2,3,Upper Midwest,R3
52776,Val Garcia,Kemp Quarries,PRYOR,OK,3,1,3,Upper Midwest,R3
220961,Sam Hall,T & R Equipment  LLC,New Bloomfield,MO,19,2,3,Upper Midwest,R3
470044,Val Williams,,San Diego Cuachayotl,PB,,,,,
412038,Wesley Williams,Emulsiones Y Asfaltos,Guadalupe,NL,,,,,
244489,Dakota Martin,Advanced Directional Drilling,Taylor,MO,108,2,3,Upper Midwest,R3
219313,Parker Smith,Paving Pros LLC,Kankakee,IL,370,22,6,Great Lakes,R6
521743,Riley Lewis,,Austin,TX,354,4,4,Southern Plains,R4
170789,Sam Thomas,Randy Cottingham,Lockwood,MO,19,2,3,Upper Midwest,R3
518115,Finley Martin,,Lake Norden,SD,350,21,3,Upper Midwest,R3
519018,Cameron Jackson,,el progreso,JU,175,18,5,South Atlantic,R5
464852,Noel Gonzalez,,Mt. Hope,KS,5,1,3,Upper Midwest,R3
514480,Alex Martinez,Jason Wieczorek,Perry,MO,108,2,3,Upper Midwest,R3
16417,Kendall Thompson,Salina Powersports,Salina,KS,99,1,3,Upper Midwest,R3
93074,Jamie Harris,,Coffeyville,KS,3,1,3,Upper Midwest,R3
515922,Avery Lee,,Garden City,KS,22,1,3,Upper Midwest,R3
228696,Blake Hernandez,Mckeys Bobcat Service Inc,Earlsboro,OK,422,13,4,Southern Plains,R4
75302,Avery Robinson,John Weinreich Farms,Marshall,MO,19,2,3,Upper Midwest,R3
62286,Drew Davis,Thrond Farms,Walters,MN,347,3,3,Upper Midwest,R3
472871,Morgan Jones,,Waukon,IA,31,3,3,Upper Midwest,R3
455791,Casey Rodriguez,R3R Transport Inc.,Hereford,TX,69,5,4,Southern Plains,R4
9997,Val Moore,,Manhattan,KS,99,1,3,Upper Midwest,R3
342596,Cameron Lee,"Ben's Trucking LLC,",Oklahoma City,OK,422,13,4,Southern Plains,R4
48293,Finley Walker,,Eudora,KS,4,2,3,Upper Midwest,R3
220107,Lane Miller,Kimco Concrete,Hazelwood,MO,421,2,3,Upper Midwest,R3
185418,Mason Walker,,norman,OK,7,13,4,Southern Plains,R4
282430,Riley Williams,T3 ranch,McLoud,OK,422,13,4,Southern Plains,R4
61987,Dakota Lee,Universal Truck & Trailer LLC,Omaha,NE,51,21,3,Upper Midwest,R3
417406,Terry Brown,CALI-TRUCKS INC,Houston,TX,46,15,4,Southern Plains,R4
496012,Mason Harris,Transvape,Arteaga,CO,300,26,1,North Atlantic,R1
490938,Wesley Johnson,,Juárez,CH,,,,,
272815,Jordan Martin,Outwest Network Inc,Guthrie,OK,2,1,3,Upper Midwest,R3
525594,Dakota White,,Riverside,CA,330,12,2,Pacific Coast,R2
525738,Harper Martinez,,Yazoo City,MS,137,17,5,South Atlantic,R5
499834,Terry Gonzalez,,Lyons,KS,5,1,3,Upper Midwest,R3
526018,Cameron Smith,,MINOT,ND,20,21,3,Upper Midwest,R3
516082,Parker Johnson,Chincoteague Seafood Co,Parsonsburg,MD,377,27,1,North Atlantic,R1
225886,Noel Clark,ECOF LLC,El Paso,TX,358,5,4,Southern Plains,R4
495439,Finley Williams,"Forklift Firm, LLC.",Homer Glen,IL,370,22,6,Great Lakes,R6
503788,Val Jackson,Forklift Exchange,Bedford Park,IL,196,6,6,Great Lakes,R6
159683,Gray Rodriguez,Trotters Independent Traders,Blanchard,OK,7,13,4,Southern Plains,R4
520764,Dakota Thompson,,Phoenix,AZ,366,8,2,Pacific Coast,R2
55692,Jordan Hernandez,Nor Cal Rentals & Sales,Redding,CA,343,10,2,Pacific Coast,R2
64837,River Walker,Jacob Dyck,Cuahtemoc,CH,,,,,
520640,Blake Walker,,Garden City,KS,22,1,3,Upper Midwest,R3
4194,Mason Brown,,Hesston,KS,5,1,3,Upper Midwest,R3
504951,Riley Davis,Your Neighborhood Roofer,KANSAS CITY,MO,9,2,3,Upper Midwest,R3
136338,Riley Brown,,Seneca,MO,3,1,3,Upper Midwest,R3
525256,Sage Davis,,Smith Center,KS,6,1,3,Upper Midwest,R3
18824,Sam Smith,Filson Mfg. Co.,Protection,KS,2,1,3,Upper Midwest,R3
156953,Terry Martin,Foster Welding,Natoma,KS,6,1,3,Upper Midwest,R3
14924,Harper Moore,Dirt Worx,Grand Island,NE,50,21,3,Upper Midwest,R3
525692,Lane Walker,,Burrton,KS,5,1,3,Upper Midwest,R3
493295,Noel Hall,,Eagle Pass,TX,77,15,4,Southern Plains,R4
214664,Dakota White,OG Refrigeration,El Paso,TX,358,5,4,Southern Plains,R4
493679,Ellis Clark,,Ixtapaluca,ME,,,,,
392920,River Lewis,Javier Alvarado,Ciudad Apodaca,NL,4,2,3,Upper Midwest,R3
506517,Dakota Martin,,Broken Arrow,OK,18,13,4,Southern Plains,R4
244623,Mason Taylor,Dash Express LLC,Georgetown,TX,354,4,4,Southern Plains,R4
488285,Wesley Rodriguez,,Pleasanton,TX,352,15,4,Southern Plains,R4
521620,Jamie Williams,,Brookshire,TX,351,15,4,Southern Plains,R4
480289,Dakota Anderson,,Webb City,MO,3,1,3,Upper Midwest,R3
149152,Avery Jones,,Wichita,KS,5,1,3,Upper Midwest,R3
37001,Dakota Walker,SOUTHWEST MOTORSPORTS,Albuquerque,NM,71,5,4,Southern Plains,R4
135984,Reed Garcia,,Hays,KS,6,1,3,Upper Midwest,R3
517155,Reed Martin,,Pratt,KS,2,1,3,Upper Midwest,R3
227601,Val Anderson,,STOCKTON,MO,9,2,3,Upper Midwest,R3
355671,Noel Robinson,,Tulsa,OK,18,13,4,Southern Plains,R4
210753,Finley Clark,Septagon Construction,La Monte,MO,9,2,3,Upper Midwest,R3
520987,Jamie Moore,KC One,Eudora,KS,4,2,3,Upper Midwest,R3
266866,Noel White,Chillicothe Country Club,Laredo,MO,108,2,3,Upper Midwest,R3
379062,Cameron Anderson,,Basehor,KS,4,2,3,Upper Midwest,R3
437659,Mason Jones,,Delano,MN,13,3,3,Upper Midwest,R3
525394,Noel Rodriguez,,Perry,KS,4,2,3,Upper Midwest,R3
96434,Taylor Brown,Bear Lake Ranch LLC,Oklahoma City,OK,422,13,4,Southern Plains,R4
525956,Jordan Perez,,Kansas City,MO,9,2,3,Upper Midwest,R3
492237,Drew Rodriguez,,Mystic,IA,346,3,3,Upper Midwest,R3
216320,Indigo Wilson,Jasak Consulting,Norman,OK,7,13,4,Southern Plains,R4
64302,Avery Clark,Pine Bay Golf Course,Wichita,KS,5,1,3,Upper Midwest,R3
123212,Quinn Thompson,Harris Fabrication,TOPEKA,KS,4,2,3,Upper Midwest,R3
177839,Noel Perez,Dakota Custom Turf,Sioux Falls,SD,350,21,3,Upper Midwest,R3
307738,Ellis Gonzalez,,burlington,KS,2,1,3,Upper Midwest,R3
193315,Sam White,Hillside Automotive,Willard,MO,19,2,3,Upper Midwest,R3
262315,Drew Rodriguez,Nick McCann,Dewey,OK,3,1,3,Upper Midwest,R3
524782,Mason White,,Chilhowee,MO,9,2,3,Upper Midwest,R3
521191,Mason Johnson,,Buncombe,IL,371,22,6,Great Lakes,R6
95087,Cameron Lopez,"Commercial Waterproofing, Inc.",Parkville,MO,9,2,3,Upper Midwest,R3
353099,Gray Moore,RP Trucking Inc,Douglas,AZ,326,8,2,Pacific Coast,R2
207530,Mason Taylor,Culbertson Construction,Newton,IA,346,3,3,Upper Midwest,R3
132104,Sam Smith,Fischer Irrigation,Wright,KS,22,1,3,Upper Midwest,R3
176853,Jordan Harris,CRN Herefords,Centerville,KS,4,2,3,Upper Midwest,R3
234584,Casey Johnson,,Joplin,MO,3,1,3,Upper Midwest,R3
347548,Val Lewis,RD Shaffer Trucking Inc,Loraine,IL,117,22,6,Great Lakes,R6
94830,Sage Smith,Leon Recycling and Auto Parts,Leon,IA,346,3,3,Upper Midwest,R3
354734,Ellis Jackson,Gretna Plumbing,Gretna,NE,51,21,3,Upper Midwest,R3
74234,Reed Smith,,Urbandale,IA,346,3,3,Upper Midwest,R3
524206,Riley Harris,,Caney,KS,3,1,3,Upper Midwest,R3
14468,Val Harris,"Precision Pipe Cover, Inc.",Topeka,KS,4,2,3,Upper Midwest,R3
228899,Wesley Harris,Hard Layer Surfaces,Derby,KS,5,1,3,Upper Midwest,R3
322180,Blake Perez,Stewart Repair and Towing,Clay Center,KS,99,1,3,Upper Midwest,R3
196754,Jamie Perez,,La Crosse,KS,6,1,3,Upper Midwest,R3
460738,Indigo Smith,"Shelly’s Auto & Tire Repair, LLC",Marble Hill,MO,25,2,3,Upper Midwest,R3
409007,Ellis Thompson,Total Energy Solutions,El Paso,TX,358,5,4,Southern Plains,R4
118412,Parker Jones,Azteka Motors Inc,Tulsa,OK,18,13,4,Southern Plains,R4
118403,River Garcia,On-Side Construction LLC,Nixa,MO,19,2,3,Upper Midwest,R3
287966,Terry Hernandez,,Lincoln,NE,51,21,3,Upper Midwest,R3
359939,Alex Miller,,El paso,TX,358,5,4,Southern Plains,R4
100693,River Garcia,Enginemon,Pleasant Hill,MO,9,2,3,Upper Midwest,R3
320721,Morgan Lopez,,Salina,KS,99,1,3,Upper Midwest,R3
191539,Terry Lopez,,Chihuahua,CH,156,20,5,South Atlantic,R5
462352,Avery Hall,,Mesquite,TX,197,4,4,Southern Plains,R4
162947,Lane Garcia,"K & A Quality Auto, Davis Metals",Rolla,MO,60,2,3,Upper Midwest,R3
116056,Riley Jones,,Slater,IA,346,3,3,Upper Midwest,R3
417623,Jordan Garcia,,moore,OK,7,13,4,Southern Plains,R4
154512,Indigo White,,Bettendorf,IA,31,3,3,Upper Midwest,R3
196325,Jordan Perez,G3 Contractong Inc,Ord,NE,50,21,3,Upper Midwest,R3
525805,Taylor Johnson,,Leoti,KS,22,1,3,Upper Midwest,R3
519743,Jordan Jackson,,Seminole,TX,70,5,4,Southern Plains,R4
520279,Reed Lee,,Benton,AR,357,14,4,Southern Plains,R4
265210,Alex Gonzalez,Jimmy Davis,Cedar Hill,MO,421,2,3,Upper Midwest,R3
401165,Jordan Thomas,,Floresville,TX,352,15,4,Southern Plains,R4
522899,Quinn Miller,,Ozark,MO,19,2,3,Upper Midwest,R3
73408,Noel Jackson,Maloneys,Blue Mound,KS,4,2,3,Upper Midwest,R3
504381,Avery Perez,Millport Paint & Repair LLC,RUTLEDGE,MO,108,2,3,Upper Midwest,R3
418912,Dakota Jackson,AERO SNOW REMOVAL CORP.,East Dundee,IL,115,22,6,Great Lakes,R6
256952,Noel Brown,Christopher Kyonka,O'Fallon,MO,60,2,3,Upper Midwest,R3
67321,Drew Jackson,Dave's Construction,Eldon,MO,19,2,3,Upper Midwest,R3
507401,Jordan Perez,A2Z Autos LLC,Union,MO,60,2,3,Upper Midwest,R3
108095,Jordan Thompson,Robert Eaton,Foley,MO,60,2,3,Upper Midwest,R3
79920,Jordan Miller,,arkansas city,KS,2,1,3,Upper Midwest,R3
185901,Quinn Harris,,Sallisaw,OK,18,13,4,Southern Plains,R4
200861,Sam Davis,Denny Motors Inc,Farmington,MO,25,2,3,Upper Midwest,R3
399195,Casey Jones,,Spring,TX,46,15,4,Southern Plains,R4
160074,Parker Brown,B & B Tire Center,Schulter,OK,18,13,4,Southern Plains,R4
293362,Harper Jackson,Journey Group Companies,Sioux Falls,SD,350,21,3,Upper Midwest,R3
387518,Morgan Walker,Hammond Recycling LLC,Camdenton,MO,19,2,3,Upper Midwest,R3
10993,Gray Jackson,"Bestmark Express, Inc",Strong City,KS,2,1,3,Upper Midwest,R3
525590,Casey Garcia,,Monroe City,MO,108,2,3,Upper Midwest,R3
396560,Taylor Thomas,,Grand Chain,IL,371,22,6,Great Lakes,R6
348959,Kendall Clark,,University City,MO,421,2,3,Upper Midwest,R3
461196,Wesley Brown,Christian Lee,Trenton,IL,371,22,6,Great Lakes,R6
51138,Jordan Lee,,Wellfleet,NE,50,21,3,Upper Midwest,R3
214069,Taylor Garcia,J H Contracting Inc.,Granite City,IL,421,2,3,Upper Midwest,R3
344384,Riley Smith,Love Brothers Contracting Inc,Troy,MO,60,2,3,Upper Midwest,R3
386821,Dakota Lopez,Luke Franke,Millstadt,IL,421,2,3,Upper Midwest,R3
187710,Reed Martinez,Independent Equipment Company LLC,House Spring,MO,421,2,3,Upper Midwest,R3
164136,Alex Moore,Trans Midwest LC,Saint Louis,MO,421,2,3,Upper Midwest,R3
365910,Quinn Robinson,Schaefer Electric LLC,Bonnots Mill,MO,60,2,3,Upper Midwest,R3
453943,Indigo Hall,,Macon,IL,370,22,6,Great Lakes,R6
75628,Dakota Lewis,,Clyde,KS,99,1,3,Upper Midwest,R3
42706,Alex Jones,Don\tWagner,Miltonvale,KS,99,1,3,Upper Midwest,R3
207793,Kendall Taylor,Custom Detail & More LLC,High Ridge,MO,421,2,3,Upper Midwest,R3
93384,Riley Johnson,Larry Johnson (MN),Buffalo,MN,13,3,3,Upper Midwest,R3
460182,Terry Martinez,McCoy Construction & Forestry Inc.,Sedgewickville,MO,25,2,3,Upper Midwest,R3
344484,Alex Anderson,Merlin Martin Farms,Barnett,MO,9,2,3,Upper Midwest,R3
132687,Reed Thompson,Krasuski Farm,Mountain View,MO,19,2,3,Upper Midwest,R3
63533,Alex White,Sundance Equipment Leasing Corp,Catoosa,OK,3,1,3,Upper Midwest,R3
349073,Parker Rodriguez,Snyder Advantage LLC,Bartlesville,OK,3,1,3,Upper Midwest,R3
351892,Wesley White,,Bristow,OK,18,13,4,Southern Plains,R4
495772,Ellis Smith,,Oakwood,TX,353,4,4,Southern Plains,R4
525823,Parker Hernandez,,monclova,CO,374,23,6,Great Lakes,R6
181650,Terry Jackson,,Tulsa,OK,18,13,4,Southern Plains,R4
367971,Noel Taylor,,Stillwater,OK,422,13,4,Southern Plains,R4
295598,Sage Garcia,,Lyons,KS,5,1,3,Upper Midwest,R3
213317,River Hernandez,,Sylvan Grove,KS,99,1,3,Upper Midwest,R3
496653,Jordan Perez,,Las cruces,NM,358,5,4,Southern Plains,R4
462157,Avery Rodriguez,,Dallas,TX,197,4,4,Southern Plains,R4
524875,Quinn Thompson,,Independence,MO,9,2,3,Upper Midwest,R3
212920,Drew Johnson,Matt Cross,Saint Louis,MO,421,2,3,Upper Midwest,R3
338493,River Lee,RusCo Inc,Westland,MI,320,24,6,Great Lakes,R6
221740,Jordan Jackson,Creek Environmental Solutions,Jenks,OK,18,13,4,Southern Plains,R4
166111,River Martinez,Kreutziger Farm And Ranch Co,Davidson,OK,355,13,4,Southern Plains,R4
386147,Harper Jackson,,Immokalee,FL,360,20,5,South Atlantic,R5
289777,Cameron Johnson,"Todd Johnson Contracting, Inc.",DANVILLE,KY,186,23,6,Great Lakes,R6
401362,Jamie Smith,True Underground,Exeter,NE,50,21,3,Upper Midwest,R3
371926,Indigo Davis,,Bernard,IA,31,3,3,Upper Midwest,R3
525171,Lane Davis,,Indianola,IA,346,3,3,Upper Midwest,R3
71961,Sam Taylor,Nathan Herem Trucking,New London,MN,348,3,3,Upper Midwest,R3
525571,Taylor Smith,,Miami,FL,167,20,5,South Atlantic,R5
508671,Reed Lewis,PRECISION STAKING LLC,Raceland,LA,133,14,4,Southern Plains,R4
511462,Sam Davis,,Glen Cove,NY,407,28,1,North Atlantic,R1
353574,Cameron Thompson,Rohrer Trucking,Mount Pleasant Mills,PA,310,27,1,North Atlantic,R1
470364,Taylor Smith,P.M. Companies,Zimmerman,MN,13,3,3,Upper Midwest,R3
497605,Riley Gonzalez,,Canton,SD,350,21,3,Upper Midwest,R3
206731,Jordan Lopez,,Parkville,MD,301,27,1,North Atlantic,R1
190931,Noel Taylor,Ugly Truck Enterprises,Oklahoma City,OK,422,13,4,Southern Plains,R4
228279,Gray Perez,"Aberrant Industries, Inc.",TULSA,OK,18,13,4,Southern Plains,R4
522102,Avery Smith,,Beverly,KS,99,1,3,Upper Midwest,R3
18808,Sage Davis,Mainline Contractors Inc.,Muscotah,KS,4,2,3,Upper Midwest,R3
430833,Taylor Brown,,Chico,CA,341,10,2,Pacific Coast,R2
525276,Jamie Jones,,Rockford,IL,115,22,6,Great Lakes,R6
495337,Dakota Johnson,Connect Equip,Redlands,CA,333,12,2,Pacific Coast,R2
407791,Taylor Robinson,,Big Sur,CA,335,11,2,Pacific Coast,R2
157736,Indigo Hernandez,,Murdock,KS,2,1,3,Upper Midwest,R3
181060,Morgan Miller,,Garden City,KS,22,1,3,Upper Midwest,R3
223187,Sam Lee,L2 Contracting,FARGO,ND,349,21,3,Upper Midwest,R3
465926,Indigo Rodriguez,Bega Paving Inc,Eagle Pass,TX,77,15,4,Southern Plains,R4
150843,Sam White,Rock Hard Landscape supply,Jordan,MN,347,3,3,Upper Midwest,R3
120477,Blake Garcia,Worldwide Trucks,Houston,TX,46,15,4,Southern Plains,R4
506009,Sage Johnson,,Bennett,CO,209,7,3,Upper Midwest,R3
524215,Lane Martinez,M&A Constructors INC,lochbuie,CO,209,7,3,Upper Midwest,R3
507443,Quinn Smith,,Greenbrier,AR,324,14,4,Southern Plains,R4
446702,Riley Gonzalez,,Lee's Summit,MO,9,2,3,Upper Midwest,R3
157151,Riley Johnson,"Cr Services Lawn & Landscape, LLC",Pratt,KS,2,1,3,Upper Midwest,R3
60101,Jordan Brown,Hays Fire & Rescue Sales & Service LLC,Hays,KS,6,1,3,Upper Midwest,R3
348047,Blake Rodriguez,Joseph Succi,Burlingame,KS,4,2,3,Upper Midwest,R3
515321,Drew Lee,,Dublin,TX,40,4,4,Southern Plains,R4
14991,Riley Perez,,Rexford,KS,6,1,3,Upper Midwest,R3
526114,Indigo Rodriguez,,Lufkin,TX,47,15,4,Southern Plains,R4
473260,Morgan Walker,SE3 GROUP,Kansas City,MO,9,2,3,Upper Midwest,R3
346706,Quinn Thompson,Inaplisa,San nicolas,NL,341,10,2,Pacific Coast,R2
363922,Finley Walker,RG Machinery LLC,Hidalgo,TX,77,15,4,Southern Plains,R4
353244,Dakota Jackson,Randall Wittman,Otterville,MO,19,2,3,Upper Midwest,R3
57690,Jamie White,"Tegeler, Inc.",Farley,IA,31,3,3,Upper Midwest,R3
25219,Dakota Martin,,Creston,IA,346,3,3,Upper Midwest,R3
452201,Parker Anderson,,Harlan,IA,346,3,3,Upper Midwest,R3
132180,Morgan Rodriguez,"Lincoln Township of Grundy County, MO",Trenton,MO,108,2,3,Upper Midwest,R3
86556,Alex Robinson,Spear Excavating LLC,Bolivar,MO,19,2,3,Upper Midwest,R3
185608,Indigo Smith,RCR Equipment,Charleston,IL,371,22,6,Great Lakes,R6
242699,Blake Moore,Osborn Cable Construction LLC,Strang,OK,3,1,3,Upper Midwest,R3
214325,River Garcia,Rogers Backhoe Service LLC,Rogersville,MO,19,2,3,Upper Midwest,R3
347424,Avery Walker,,Nixa,MO,19,2,3,Upper Midwest,R3
297858,Gray Williams,,Wichita,KS,5,1,3,Upper Midwest,R3
466951,Indigo Miller,Janet Awurekpem,Del City,OK,422,13,4,Southern Plains,R4
521460,Jamie Lee,,Greenfield,MO,19,2,3,Upper Midwest,R3
339652,Alex Clark,"City of Elliott, IA",Red Oak,IA,346,3,3,Upper Midwest,R3
385924,Ellis Perez,"Betzen Trenching, Inc.",Wichita,KS,5,1,3,Upper Midwest,R3
155355,Harper Jackson,Tyler Watring,Blackwater,MO,19,2,3,Upper Midwest,R3
105574,River Taylor,Walker's Collision,Hamilton,MO,108,2,3,Upper Midwest,R3
524045,Jordan Hernandez,,Seymour,IA,346,3,3,Upper Midwest,R3
78848,Noel Johnson,JJ HAULING LLC,Easton,MO,4,2,3,Upper Midwest,R3
334569,River Hernandez,Sam Helton,Meta,MO,60,2,3,Upper Midwest,R3
118754,Wesley Miller,Wegener Land,Harrisburg,MO,19,2,3,Upper Midwest,R3
115204,Jamie Smith,Dakota Sprinkler & Landscaping,Pierre,SD,21,21,3,Upper Midwest,R3
280362,Blake Harris,Horter Farm,Andover,SD,350,21,3,Upper Midwest,R3
203695,River Martinez,,Stover,MO,9,2,3,Upper Midwest,R3
523732,Terry Martinez,Dennis Erickson Farms,Tarkio,MO,4,2,3,Upper Midwest,R3
170778,Parker Clark,Stewart Family Christmas Light Display,Fayetteville,AR,17,14,4,Southern Plains,R4
222963,Finley Wilson,David Napier,Salina,KS,99,1,3,Upper Midwest,R3
216661,Sam Smith,The Other Plumber LLC,Stockton,MO,9,2,3,Upper Midwest,R3
513372,Dakota Walker,Central Sweeping of Illinois,Chicago,IL,196,6,6,Great Lakes,R6
10789,Reed Lee,Lonnie Wilson,Salina,KS,99,1,3,Upper Midwest,R3
257596,Drew Harris,,Guthrie,OK,2,1,3,Upper Midwest,R3
56029,Blake Davis,"Haug Construction Co., Inc.",Holton,KS,4,2,3,Upper Midwest,R3
391409,Harper Gonzalez,,centralia,IL,371,22,6,Great Lakes,R6
82309,Morgan Jones,Cates Farm,Spavinaw,OK,3,1,3,Upper Midwest,R3
402551,Casey Lee,,Goodell,IA,23,3,3,Upper Midwest,R3
81069,Drew Lee,"Ward Electric Company, Inc.",Montezuma,IA,31,3,3,Upper Midwest,R3
164418,Finley Thomas,Kittleson Contracting,Osage,IA,23,3,3,Upper Midwest,R3
170792,Finley Brown,"Vanderhart Construction, LLC",Pella,IA,346,3,3,Upper Midwest,R3
189243,Lane Perez,Goodpaster Tree Service,Webster City,IA,23,3,3,Upper Midwest,R3
516247,Morgan Lewis,,Dalhart,TX,69,5,4,Southern Plains,R4
258182,Cameron Taylor,Greer's Auto Sales Co,Bonne Terre,MO,25,2,3,Upper Midwest,R3
162180,Wesley Miller,"Chapman Automotive, Inc.",Plainville,IL,117,22,6,Great Lakes,R6
127432,Mason Smith,Southern Contracting,Clarkesville,GA,148,19,5,South Atlantic,R5
85674,Avery Jackson,"Moorhead Construction Co., LLC",Vinita,OK,3,1,3,Upper Midwest,R3
350186,Gray Lopez,,Elmendorf,TX,352,15,4,Southern Plains,R4
184457,Blake Williams,Metro Rolloff Container Service,Parkville,MO,9,2,3,Upper Midwest,R3
121595,Dakota Perez,Longan Const Co,Grove,OK,3,1,3,Upper Midwest,R3
438770,Ellis Hall,Byrne & Jones Construction,St. Louis,MO,421,2,3,Upper Midwest,R3
155187,Sam Martinez,BP Construction,Albers,IL,371,22,6,Great Lakes,R6
524902,Indigo Smith,,Strasburg,CO,209,7,3,Upper Midwest,R3
161396,Gray Clark,Spies Trucking LLC,Augusta,KS,2,1,3,Upper Midwest,R3
373073,Val White,Yonker Contracting LLC,Sedalia,MO,9,2,3,Upper Midwest,R3
403152,Morgan Williams,Grand Island Lodge,Chicago,IL,196,6,6,Great Lakes,R6
245785,Mason Martinez,Custom Construction,Jefferson City,MO,19,2,3,Upper Midwest,R3
513341,Sam Rodriguez,"BLM Properties, LLC dba BM Contracting",Columbia,IL,421,2,3,Upper Midwest,R3
266900,Jamie Johnson,,Argenta,IL,370,22,6,Great Lakes,R6
524945,Harper Johnson,,Boerne,TX,352,15,4,Southern Plains,R4
103352,Mason Taylor,Moon Construction,Tipton,MO,19,2,3,Upper Midwest,R3
119066,River Jackson,Reagan Enterprises Inc.,Montgomery City,MO,60,2,3,Upper Midwest,R3
449473,Gray Davis,Pettig Farms,Warrenton,MO,60,2,3,Upper Midwest,R3
190745,Kendall Lewis,Rick Aufdenberg Farms,Jackson,MO,25,2,3,Upper Midwest,R3
465949,River Rodriguez,Accelerated Excavation Inc,Marion,IL,371,22,6,Great Lakes,R6
168500,Jordan Miller,"City of Warsaw, IL",Warsaw,IL,117,22,6,Great Lakes,R6
526217,Kendall Clark,,Creal Springs,IL,371,22,6,Great Lakes,R6
114938,Taylor Anderson,Halbert Redi-Mix,Steelville,MO,60,2,3,Upper Midwest,R3
276391,Sam Moore,Comaqpes USA Inc.,Edinburg,TX,77,15,4,Southern Plains,R4
299059,Finley Harris,,Shiloh,IL,421,2,3,Upper Midwest,R3
464375,Blake Lee,,"GUATEMALA, SALCAJA",TX,40,4,4,Southern Plains,R4
479625,Quinn Martin,,EL PASO,TX,358,5,4,Southern Plains,R4
118844,Quinn Taylor,Hatcher Mobile Services & Sales,Omaha,NE,51,21,3,Upper Midwest,R3
65518,Lane Martinez,Servaes Quarry,Atchison,KS,4,2,3,Upper Midwest,R3
515610,Finley Davis,,Seagoville,TX,197,4,4,Southern Plains,R4
524853,Jamie Robinson,Great Plains Motorsports LLC,South Hutchinson,KS,5,1,3,Upper Midwest,R3
446957,River Taylor,Twidwell Farms,Lodi,MO,25,2,3,Upper Midwest,R3
166394,Sage Anderson,Max Blake,Greenwood,AR,356,13,4,Southern Plains,R4
518268,Jamie Thomas,BIERK FARMS LLC,Perryville,MO,25,2,3,Upper Midwest,R3
150448,Reed Smith,Charleston Heavy Equipment Solutions,Charleston,SC,298,19,5,South Atlantic,R5
146102,Gray Davis,,Blanchard,OK,7,13,4,Southern Plains,R4
358953,Kendall Anderson,,Milford,DE,378,27,1,North Atlantic,R1
332300,Gray Walker,Villa Group LLC,East Troy,WI,116,6,6,Great Lakes,R6
163355,Gray Moore,Osborne's Heating & Air,Bartlesville,OK,3,1,3,Upper Midwest,R3
173760,Avery Harris,m&m ag repair llc,riceville,IA,23,3,3,Upper Midwest,R3
470194,River Brown,KG Transportation LLC,Kansas City,KS,4,2,3,Upper Midwest,R3
360691,Ellis Wilson,Lone Star Constructors,Farmers Branch,TX,197,4,4,Southern Plains,R4
340016,Drew Garcia,RJ Riteway Door Co.,Chicago,IL,196,6,6,Great Lakes,R6
299112,Riley Williams,,Bernville,PA,308,27,1,North Atlantic,R1
510602,Kendall Perez,,Estado de mexico,ME,417,30,1,North Atlantic,R1
426147,Ellis Davis,,Oklahoma City,OK,422,13,4,Southern Plains,R4
477841,Wesley Hernandez,,Hendersonville,NC,168,18,5,South Atlantic,R5
526194,Parker Johnson,,Chapin,SC,298,19,5,South Atlantic,R5
368152,Alex Anderson,ABE PaintTeam,Parkston,SD,350,21,3,Upper Midwest,R3
229619,Terry Martin,,El Reno,OK,7,13,4,Southern Plains,R4
524583,Taylor Garcia,,Diamond,MO,3,1,3,Upper Midwest,R3
369932,Ellis Miller,,Rives,TN,176,16,5,South Atlantic,R5
161730,Wesley Jackson,Burkhart Trucking,Dodge City,KS,22,1,3,Upper Midwest,R3
244808,Blake Hall,CB Construction & Design,Hillsboro,MO,421,2,3,Upper Midwest,R3
286274,Wesley Rodriguez,,Fort Collins,CO,208,7,3,Upper Midwest,R3
394112,Drew Garcia,Hood Construction Group Midwest,Rushville,IL,117,22,6,Great Lakes,R6
481355,Gray Lee,,Washington,IL,117,22,6,Great Lakes,R6
343597,Parker Jackson,Wold Fabrication,DARWIN,MN,348,3,3,Upper Midwest,R3
417959,Terry Clark,,Sycamore,IL,115,22,6,Great Lakes,R6
113452,Terry Johnson,Bar C Farms,Atkins,AR,17,14,4,Southern Plains,R4
366501,Val Lopez,Tim Chapman,Bunker Hill,IL,371,22,6,Great Lakes,R6
113955,Quinn Walker,Scrapco,Sidney,NE,50,21,3,Upper Midwest,R3
525960,Mason Anderson,,Ellisville,IL,117,22,6,Great Lakes,R6
216080,Parker Davis,Andy Nagel,Allerton,IA,346,3,3,Upper Midwest,R3
86320,Val Hernandez,R L O'Neal & Sons Inc.,Plymouth,IL,117,22,6,Great Lakes,R6
384973,Parker Hall,Hessel Builders,Lake Ozark,MO,19,2,3,Upper Midwest,R3
82953,River Miller,South Dakota Wheat Growers Association,Bath,SD,350,21,3,Upper Midwest,R3
522328,Kendall Moore,,Douglas,WY,54,7,3,Upper Midwest,R3
418200,Terry Anderson,Nelson Coblentz,Barnett,MO,9,2,3,Upper Midwest,R3
498568,Gray Clark,,Jefferson City,MO,19,2,3,Upper Midwest,R3
374387,Blake Martin,,Emmett,KS,99,1,3,Upper Midwest,R3
345866,Blake Lee,,Kansas City,KS,4,2,3,Upper Midwest,R3
55601,Reed Martinez,Rick Stitt,Leavenworth,KS,4,2,3,Upper Midwest,R3
216601,River Anderson,,Des Moines,IA,346,3,3,Upper Midwest,R3
358687,Harper Brown,,Topeka,KS,4,2,3,Upper Midwest,R3
382141,Morgan Jones,,Cleveland,MO,9,2,3,Upper Midwest,R3
212477,Sage Garcia,Peter Lundgren,Ottawa,KS,4,2,3,Upper Midwest,R3
257630,Dakota Martin,"Magnum Sitework and Excavation, LLC",Montgomery,TX,351,15,4,Southern Plains,R4
205429,Drew Harris,Young & Sons Excavation LLC,Miami,OK,3,1,3,Upper Midwest,R3
148029,Parker Garcia,Byers Towing,Boonville,MO,19,2,3,Upper Midwest,R3
89425,Mason Jackson,Clinkinbeard CPA LLC,Olathe,KS,4,2,3,Upper Midwest,R3
424543,Alex Moore,,Plainville,KS,6,1,3,Upper Midwest,R3
108560,Noel Walker,,Platteville,WI,216,6,6,Great Lakes,R6
55355,Quinn White,,Rivera,TX,77,15,4,Southern Plains,R4
519855,Quinn Anderson,,Amarillo,TX,69,5,4,Southern Plains,R4
522433,Kendall Perez,3T Drilling Inc,Dumas,TX,69,5,4,Southern Plains,R4
180763,Casey Miller,YC Equipment and Truck Sales LLC,Yates Center,KS,3,1,3,Upper Midwest,R3
380248,Kendall Davis,"Darrell's Drilling, Inc.",Konawa,OK,422,13,4,Southern Plains,R4
140906,Cameron Clark,Turkey Ridge Construction,Viborg,SD,350,21,3,Upper Midwest,R3
149878,Jamie Moore,Mark Hartman Farms,STRATFORD,TX,69,5,4,Southern Plains,R4
199287,Reed Thomas,Cameron Mock,Clayton,NM,71,5,4,Southern Plains,R4
523700,Wesley Wilson,Bronniman Farms,Claude,TX,69,5,4,Southern Plains,R4
524768,Dakota Johnson,2 Bar Angus,Hereford,TX,69,5,4,Southern Plains,R4
86319,Terry Williams,Larry Koetting Farm,Panhandle,TX,69,5,4,Southern Plains,R4
522357,Gray Clark,,Shady Shores,TX,27,4,4,Southern Plains,R4
524346,Alex Harris,CS Investments,Dalhart,TX,69,5,4,Southern Plains,R4
463373,Dakota Clark,,TEXHOMA,OK,22,1,3,Upper Midwest,R3
358062,Blake Jackson,Lesh Trucking LLC,Stillwater,OK,422,13,4,Southern Plains,R4
141058,Reed Lee,,Rolla,KS,22,1,3,Upper Midwest,R3
66106,Wesley Lopez,,haswell,CO,210,7,3,Upper Midwest,R3
212020,Indigo Moore,Randall Moe,THRALL,TX,354,4,4,Southern Plains,R4
166435,Harper Thompson,Garry Langston,Locust Grove,OK,3,1,3,Upper Midwest,R3
486678,Noel Garcia,,Dumas,TX,69,5,4,Southern Plains,R4
203637,Finley Walker,Blue Point Sales and Metals,Las Vegas,NV,327,12,2,Pacific Coast,R2
109580,Dakota Jones,Moeller Equipment,Creighton,NE,51,21,3,Upper Midwest,R3
431432,Mason Lewis,,Jefferson,IA,346,3,3,Upper Midwest,R3
430400,Gray Robinson,,Anita,IA,346,3,3,Upper Midwest,R3
524777,Noel Hall,,Wetumka,OK,18,13,4,Southern Plains,R4
51206,Lane Davis,"Hendricks Enterprises, Inc.",Howard,KS,2,1,3,Upper Midwest,R3
145592,Avery Hernandez,Wildstone Construction,Haslet,TX,27,4,4,Southern Plains,R4
52436,Val Miller,Tri-R Farms,Garden City,KS,22,1,3,Upper Midwest,R3
142851,Jamie Hernandez,,Cheney,KS,2,1,3,Upper Midwest,R3
154592,Alex Hall,"Glazier Trucking, Inc",kiefer,OK,18,13,4,Southern Plains,R4
81695,Blake Martinez,"AgChoice (Kansas) - Division of MFA, Inc",Eskridge,KS,99,1,3,Upper Midwest,R3
222950,Wesley Perez,Three Points llc,BROWNSVILLE,TX,77,15,4,Southern Plains,R4
497960,Indigo Smith,,Selma,AL,146,17,5,South Atlantic,R5
523993,Terry Martin,,Lafayette,IN,372,22,6,Great Lakes,R6
241768,Wesley Clark,A Tech Equipment,Moore,OK,7,13,4,Southern Plains,R4
235338,Jamie Lewis,,Hartshorne,OK,18,13,4,Southern Plains,R4
505225,Alex Williams,,Laredo,TX,77,15,4,Southern Plains,R4
421090,Sam Lopez,,Abilene,TX,70,5,4,Southern Plains,R4
346836,Sage Williams,,Ardmore,OK,355,13,4,Southern Plains,R4
74876,Casey Wilson,,Geary,OK,7,13,4,Southern Plains,R4
213876,Wesley Martinez,Raymond Downing,Liberty,MO,9,2,3,Upper Midwest,R3
14530,Jamie Martin,Robert Bedford,Mayview,MO,9,2,3,Upper Midwest,R3
182988,Jordan Moore,,Copeland,KS,22,1,3,Upper Midwest,R3
143260,Cameron Lee,Heartland Home Exteriors,Topeka,KS,4,2,3,Upper Midwest,R3
131257,Avery Lee,,Cheney,KS,5,1,3,Upper Midwest,R3
95860,Terry Taylor,Isom Tractor Repair,Tye,TX,70,5,4,Southern Plains,R4
397996,Ellis Walker,,Ponca City,OK,3,1,3,Upper Midwest,R3
62029,Terry Martin,,Rushville,MO,4,2,3,Upper Midwest,R3
205898,Wesley Williams,,Calhan,CO,210,7,3,Upper Midwest,R3
518123,Avery Davis,,Oswego,KS,3,1,3,Upper Midwest,R3
204165,Riley Robinson,Doug Gerber,Silver Lake,KS,4,2,3,Upper Midwest,R3
13389,Dakota Miller,"Berry Companies, Inc.",Wichita,KS,5,1,3,Upper Midwest,R3
459848,Gray Martin,,Dighton,KS,22,1,3,Upper Midwest,R3
386395,Dakota White,Border Utility Servicing,Fabens,TX,358,5,4,Southern Plains,R4
234214,Kendall Moore,Golden Harp Investments LLC,Nocona,TX,423,4,4,Southern Plains,R4
517562,Drew Garcia,,Amarillo,TX,69,5,4,Southern Plains,R4
524821,River Rodriguez,,Grand Saline,TX,353,4,4,Southern Plains,R4
223635,Sam Rodriguez,Iron Oaks Cattle,Alvarado,TX,423,4,4,Southern Plains,R4
27509,Parker Davis,,Colwich,KS,5,1,3,Upper Midwest,R3
522690,Riley Smith,,Saint Charles,MO,60,2,3,Upper Midwest,R3
437594,Sage Garcia,,Buchanan,ND,349,21,3,Upper Midwest,R3
466592,Blake Jackson,,Missouri Valley,IA,346,3,3,Upper Midwest,R3
417925,Terry Harris,,Greensburg,IN,214,24,6,Great Lakes,R6
262538,Mason Gonzalez,,SAVOY,TX,87,13,4,Southern Plains,R4
279785,Harper Lee,Jake Starnes Excavating,Crocker,MO,19,2,3,Upper Midwest,R3
424906,Terry Smith,,Adrian,MO,9,2,3,Upper Midwest,R3
523338,Taylor Harris,Chet Bartling,Lecompton,KS,4,2,3,Upper Midwest,R3
155865,Noel Thompson,Essary Plumbing Inc,Louisburg,KS,4,2,3,Upper Midwest,R3
423733,Terry Gonzalez,"Ag-Power, Inc.",Maryville,MO,4,2,3,Upper Midwest,R3
432921,Indigo Lopez,,Ahumada,CH,,,,,
524840,Parker Clark,Green Mountain Distributing,Topeka,KS,4,2,3,Upper Midwest,R3
324848,Indigo Wilson,Tim Littlefield,Stella,MO,3,1,3,Upper Midwest,R3
491023,Indigo White,Penn Haven Equipment,Penn Yan,NY,313,25,6,Great Lakes,R6
219741,River Davis,Blue Valley Tractor & Supply,Stilwell,KS,4,2,3,Upper Midwest,R3
465092,Parker Smith,,Linden,IA,346,3,3,Upper Midwest,R3
113832,Kendall Moore,,Aurora,MO,19,2,3,Upper Midwest,R3
464292,Terry Thomas,,Forsyth,MO,17,14,4,Southern Plains,R4
229344,Morgan Jones,,Topeka,KS,4,2,3,Upper Midwest,R3
171132,Dakota Lee,Schawn Pennington,Atchison,KS,4,2,3,Upper Midwest,R3
313286,Parker Anderson,Beaver Creek Feed Company,Ava,MO,19,2,3,Upper Midwest,R3
129278,Taylor Perez,,Haven,KS,5,1,3,Upper Midwest,R3
103718,Morgan Smith,Luebbering Farms,Koeltztown,MO,60,2,3,Upper Midwest,R3
470079,Reed Lopez,,Country Club,MO,4,2,3,Upper Midwest,R3
81601,Noel Lee,Raymond/Melissa Lowe,Adrian,MO,9,2,3,Upper Midwest,R3
76136,Blake Johnson,Bruins Dairy Cattle LLC,Amarillo,TX,69,5,4,Southern Plains,R4
294835,Quinn Miller,,Burlington,OK,2,1,3,Upper Midwest,R3
282544,Casey Brown,Gary Johnson Trucking,Salina,KS,99,1,3,Upper Midwest,R3
74752,Kendall Williams,Stilwell Ranch,White City,KS,2,1,3,Upper Midwest,R3
133728,Wesley Clark,Muller Farms,Bennington,KS,99,1,3,Upper Midwest,R3
122221,Avery Robinson,JW Ag Products,Ramona,OK,3,1,3,Upper Midwest,R3
458318,Lane Thompson,Dustin Edwards,Dewey,OK,3,1,3,Upper Midwest,R3
132669,Cameron Garcia,,Glenpool,OK,18,13,4,Southern Plains,R4
341352,Jamie Rodriguez,Metzger Homes,Salina,KS,99,1,3,Upper Midwest,R3
217765,Jordan Smith,,Walsh,CO,210,7,3,Upper Midwest,R3
62518,Kendall Miller,Ohlde Cattle Company,Palmer,KS,99,1,3,Upper Midwest,R3
468237,Ellis Walker,,El Dorado,KS,2,1,3,Upper Midwest,R3
16936,Wesley Miller,Brian Morgan,Junction,KS,99,1,3,Upper Midwest,R3
71429,Avery Martinez,H & H Sales,Newkirk,OK,2,1,3,Upper Midwest,R3
93443,Sage Robinson,,Wilcox,NE,50,21,3,Upper Midwest,R3
520977,Avery White,,Kerens,TX,353,4,4,Southern Plains,R4
443332,Terry Hernandez,PEDRO ALEJANDRO GARZA SALDANA,NUEVO LAREDO,TM,77,15,4,Southern Plains,R4
343807,Harper Martinez,Highway 152 Auto Sales,Oklahoma City,OK,422,13,4,Southern Plains,R4
296964,Mason Davis,ABC Block,Little Rock,AR,357,14,4,Southern Plains,R4
132438,Lane Perez,,El Paso,TX,358,5,4,Southern Plains,R4
196802,Blake Johnson,,Wyandotte,OK,3,1,3,Upper Midwest,R3
302501,Jamie Hernandez,P&F Engineering/Construction,Claremore,OK,3,1,3,Upper Midwest,R3
449958,River Jackson,,Minneapolis,MN,13,3,3,Upper Midwest,R3
485194,Indigo Harris,"City of Sturgeon, MO",Sturgeon,MO,19,2,3,Upper Midwest,R3
230557,Cameron Lewis,Alvarez,Gary,IN,372,22,6,Great Lakes,R6
215777,Mason Moore,,rushville,IL,117,22,6,Great Lakes,R6
525476,Quinn White,,Merrillville,IN,372,22,6,Great Lakes,R6
479126,Sam Gonzalez,,Secor,IL,117,22,6,Great Lakes,R6
123053,Kendall Martinez,,Selden,KS,6,1,3,Upper Midwest,R3
58604,Dakota Harris,Johann Farms LLC,Hannibal,MO,108,2,3,Upper Midwest,R3
329073,Finley Thomas,Shawn Binkley,Henley,MO,19,2,3,Upper Midwest,R3
329635,Lane Clark,,King city,MO,108,2,3,Upper Midwest,R3
525249,Quinn Lopez,,Munster,IN,372,22,6,Great Lakes,R6
489413,Dakota Thompson,,Broadview Heights,OH,189,24,6,Great Lakes,R6
452989,Sam Thomas,,Schererville,IN,372,22,6,Great Lakes,R6
151957,Indigo Thompson,,Crown Point,IN,372,22,6,Great Lakes,R6
430040,Val Jones,,Tipton,IA,31,3,3,Upper Midwest,R3
29852,Kendall Walker,Miller Heavy Equipment,Medley,FL,167,20,5,South Atlantic,R5
446630,Val Walker,,Namiquipa,CH,155,19,5,South Atlantic,R5
179705,Kendall White,"DC Caliche, LLC",Dawn,TX,69,5,4,Southern Plains,R4
86471,Jordan Smith,Woerner Farms,Burr Oak,KS,99,1,3,Upper Midwest,R3
451510,Gray Clark,Innovative Contracting Services,Clinton,MO,9,2,3,Upper Midwest,R3
151446,Drew Brown,"Quality Millwork, Inc.",Bethel Heights,AR,17,14,4,Southern Plains,R4
525083,Blake Lewis,,Pittsburg,KS,3,1,3,Upper Midwest,R3
331822,Finley Brown,Beachy Construction Co LLC/Advanced Excavation,Versailies,MO,9,2,3,Upper Midwest,R3
345093,Casey Hall,,Kellyville,OK,18,13,4,Southern Plains,R4
76650,Mason Anderson,EquipmentCity LLC,Clinton,IL,370,22,6,Great Lakes,R6
333332,Jordan Wilson,,Enid,OK,2,1,3,Upper Midwest,R3
501241,Cameron Davis,Rickert Landscaping and Tree Service,Owasso,OK,18,13,4,Southern Plains,R4
348307,Quinn Johnson,,Cuah.,CH,,,,,
180863,Val Garcia,"Vander Haag's, Inc.",Spencer,IA,23,3,3,Upper Midwest,R3
76034,Wesley Gonzalez,"BC Hardscapes, LLC",Kansas City,MO,9,2,3,Upper Midwest,R3
521164,Reed White,Todt Roofing and Construction,Cape Girardeau,MO,25,2,3,Upper Midwest,R3
472923,Indigo Hall,Universal Technology LLC,Spring,TX,46,15,4,Southern Plains,R4
394144,Sam Davis,Frasan Global Company,Hidalgo,TX,77,15,4,Southern Plains,R4
345337,Taylor Hernandez,,Davenport,IA,31,3,3,Upper Midwest,R3
526077,Noel Miller,,New Athens,IL,421,2,3,Upper Midwest,R3
96271,Sage Rodriguez,Paul Rose,Gainesville,MO,17,14,4,Southern Plains,R4
124383,Blake Thompson,,buffalo,MO,19,2,3,Upper Midwest,R3
65566,Cameron Thomas,Siegel Quarry LLC,Versailles,MO,9,2,3,Upper Midwest,R3
168626,Kendall Williams,Darrel Keuper,Lincoln,MO,9,2,3,Upper Midwest,R3
233771,Mason Williams,,Onaga,KS,99,1,3,Upper Midwest,R3
395864,Finley Jackson,"Shannon County, MO",Eminence,MO,19,2,3,Upper Midwest,R3
88127,Quinn Garcia,Highway 60 Equipment and Sales,Vinita,OK,3,1,3,Upper Midwest,R3
363809,Kendall Gonzalez,,Hennessey,OK,7,13,4,Southern Plains,R4
514987,Ellis Garcia,,Vanderpool,TX,40,4,4,Southern Plains,R4
43216,Jamie Clark,Strickland Road Service,SOUTH HAVEN,KS,2,1,3,Upper Midwest,R3
469045,Dakota Thomas,SVP Repair and Sales LLC,Jackson,MO,25,2,3,Upper Midwest,R3
166284,Dakota Hernandez,Ponca City Country Club,Ponca City,OK,2,1,3,Upper Midwest,R3
332789,Taylor Anderson,Lake Land & Cattle LLC,Neosho,MO,3,1,3,Upper Midwest,R3
229693,Avery Lee,Hollister Asphalt Paving,Hollister,MO,17,14,4,Southern Plains,R4
212885,Wesley Garcia,,la Center,KY,184,23,6,Great Lakes,R6
384015,Val Jackson,Robert Clark,Festus,MO,421,2,3,Upper Midwest,R3
164198,Finley Davis,Tate Cattle Co,Hardinsburg,KY,185,23,6,Great Lakes,R6
526161,Ellis Taylor,,Prairie du Rocher,IL,25,2,3,Upper Midwest,R3
294887,Gray Martinez,,Jacksonville,TX,353,4,4,Southern Plains,R4
515351,Quinn Robinson,,Wichita,KS,5,1,3,Upper Midwest,R3
353597,Noel Miller,Oakleys Port 33,Muskogee,OK,18,13,4,Southern Plains,R4
518703,Val Clark,Moxba Innovations,Rolla,MO,60,2,3,Upper Midwest,R3
179869,Kendall Anderson,Joseph Lovenduski,Brookfield,MO,108,2,3,Upper Midwest,R3
445731,Drew Rodriguez,Siemer Auto & Ag,Friedheim,MO,25,2,3,Upper Midwest,R3
212565,Val Walker,,Red Oak,OK,18,13,4,Southern Plains,R4
505200,Sage Williams,,Alice,TX,77,15,4,Southern Plains,R4
159089,Ellis Martinez,,Dublin,TX,40,4,4,Southern Plains,R4
466024,Morgan Anderson,,Cauhtemoc,CH,,,,,
191385,Avery Hernandez,Lazy S Land & Cattle,Frankston,TX,353,4,4,Southern Plains,R4
468984,Taylor Jackson,,Wolfforth,TX,70,5,4,Southern Plains,R4
260896,Val Harris,,Wilton,IA,31,3,3,Upper Midwest,R3
509001,Kendall Brown,,RICHMOND,IL,115,22,6,Great Lakes,R6
374043,Jamie Rodriguez,,Baytown,TX,47,15,4,Southern Plains,R4
114631,Indigo Perez,David Carlson Farms,Cleveland,MO,9,2,3,Upper Midwest,R3
205218,Reed Taylor,,Emmons,MN,347,3,3,Upper Midwest,R3
156827,Mason Miller,,WOLBACH,NE,50,21,3,Upper Midwest,R3
87357,Blake Wilson,Bmj Excavating,Valley View,TX,87,13,4,Southern Plains,R4
64155,Avery Clark,"Spandet Dairy, Inc or G & G Farms",HART,TX,69,5,4,Southern Plains,R4
340830,Reed Thomas,,Chanute,KS,3,1,3,Upper Midwest,R3
230645,Morgan Hernandez,Moosman Motors LLC,Chandler,OK,422,13,4,Southern Plains,R4
517667,Taylor Robinson,,Ryan,OK,355,13,4,Southern Plains,R4
519916,Cameron Anderson,Clark Tower Equipment,Lorimor,IA,346,3,3,Upper Midwest,R3
512791,Casey Lee,Hinterland Music Festival LLC,Des Moines,IA,346,3,3,Upper Midwest,R3
526231,Val Rodriguez,,Evansville,IN,118,23,6,Great Lakes,R6
472548,River Gonzalez,USA Latin Fence Corp,Miami,FL,167,20,5,South Atlantic,R5
346420,Kendall Rodriguez,3CS Blessing Inc,Blairstown,NJ,404,28,1,North Atlantic,R1
385270,River Miller,MJ Cranes & Aerials LLC,Devon,PA,308,27,1,North Atlantic,R1
158510,Sam Lee,"C & N Heil Farms, LLC",Norborne,MO,108,2,3,Upper Midwest,R3
310216,Sage Walker,,Santa Cruz Del Quiche,QC,313,25,6,Great Lakes,R6
525948,Alex Hall,,Des Moines,IA,346,3,3,Upper Midwest,R3
313756,Gray Martinez,Lupe Rubio Construction Co.,Kingsland,TX,40,4,4,Southern Plains,R4
201447,Harper Anderson,CTS Enterprises,Springfield,NE,51,21,3,Upper Midwest,R3
146167,River Anderson,,Spring,TX,46,15,4,Southern Plains,R4
491965,Avery Jones,,Wichita,KS,5,1,3,Upper Midwest,R3
465400,Sage Robinson,,Hutchinson,KS,5,1,3,Upper Midwest,R3
91095,River Gonzalez,Longview Tree Service LLC,Hutchinson,KS,5,1,3,Upper Midwest,R3
135704,Finley Clark,Hillhouse Services/Hillhouse Pumping LLC,Verona,MO,19,2,3,Upper Midwest,R3
171876,Taylor Perez,,CUAUHTEMOC,CH,357,14,4,Southern Plains,R4
282325,Alex Anderson,"Urban Contractors, LLC",Oklahoma City,OK,422,13,4,Southern Plains,R4
177452,Dakota Robinson,"Booth Environmental Sales & Service, LLC",Wilburton,OK,18,13,4,Southern Plains,R4
181063,Casey Hall,Craig Mauney,Hamilton,TX,40,4,4,Southern Plains,R4
368706,Noel Johnson,,Rapid City,SD,21,21,3,Upper Midwest,R3
86834,Jamie Johnson,R L Tiemann Construction,Beatrice,NE,51,21,3,Upper Midwest,R3
458512,Riley Harris,Go Pro Septic LLC,Rapid City,SD,21,21,3,Upper Midwest,R3
321545,Wesley Hernandez,,Bozeman,MT,395,9,2,Pacific Coast,R2
470731,Mason Lee,,Edmond,OK,422,13,4,Southern Plains,R4
62945,Cameron Jones,City of Atwood,Atwood,KS,6,1,3,Upper Midwest,R3
68419,Casey Harris,La Pasa Dita Auto Sales,Topeka,KS,4,2,3,Upper Midwest,R3
269457,Quinn Jackson,,Florissant,MO,421,2,3,Upper Midwest,R3
215314,Harper Rodriguez,,Olathe,KS,4,2,3,Upper Midwest,R3
93331,Terry White,Darren Slattery,Spearville,KS,22,1,3,Upper Midwest,R3
200418,Noel Rodriguez,,Bazine,KS,22,1,3,Upper Midwest,R3
463430,Terry Anderson,,Alto,NM,358,5,4,Southern Plains,R4
201418,Parker Brown,"Antelope Creek Trucking, Inc.",Beulah,ND,20,21,3,Upper Midwest,R3
388841,Lane Martinez,,Cleveland,TX,47,15,4,Southern Plains,R4
494321,Casey Taylor,,Tulsa,OK,18,13,4,Southern Plains,R4
196548,Gray Thomas,,Willemstad,AL,407,28,1,North Atlantic,R1
460297,Indigo Williams,,Winfield,KS,2,1,3,Upper Midwest,R3
387912,Sage Robinson,JCR Excavating LLC,Williston,ND,20,21,3,Upper Midwest,R3
55606,Gray Gonzalez,"Cohorst Enterprises, Inc.",Wellsville,KS,4,2,3,Upper Midwest,R3
190892,Sam Smith,"Golden Excavating, LLC",Springfield,NE,51,21,3,Upper Midwest,R3
461980,Indigo Thompson,,Houston,TX,46,15,4,Southern Plains,R4
233269,Gray Rodriguez,"Ward Tiling, Inc.",Mt. Sterling,IL,117,22,6,Great Lakes,R6
39138,Cameron Moore,Longhorn Express,Seminole,TX,70,5,4,Southern Plains,R4
141846,Quinn Hall,,guthrie,OK,2,1,3,Upper Midwest,R3
239102,Jamie Williams,,Brampton,ON,,,,,
329878,Alex Clark,Nicholson Rentals,Des Moines,IA,346,3,3,Upper Midwest,R3
157855,River Martinez,"Jw & Sons Construction, Inc",Astoria,SD,350,21,3,Upper Midwest,R3
245403,Casey Jackson,,Cavalier,ND,349,21,3,Upper Midwest,R3
514463,Drew Wilson,,Canton City,ND,349,21,3,Upper Midwest,R3
440702,Harper White,Nitsche Contracting LLC,Wildrose,ND,20,21,3,Upper Midwest,R3
526238,Jordan Perez,,New Salem,ND,20,21,3,Upper Midwest,R3
523979,Jordan Martinez,,Junction City,KS,99,1,3,Upper Midwest,R3
350053,Gray Jackson,,Crookston,MN,39,3,3,Upper Midwest,R3
72273,Ellis Lopez,,Muskogee,OK,18,13,4,Southern Plains,R4
524827,Harper Lopez,,Lincoln,NE,51,21,3,Upper Midwest,R3
449466,Avery Smith,,Park Hill,OK,18,13,4,Southern Plains,R4
130411,Riley Harris,T&M Concrete Construction,Junction City,KS,99,1,3,Upper Midwest,R3
526196,Finley Thompson,,Harris,MN,13,3,3,Upper Midwest,R3
364608,Jordan Lee,Joshua Tillman,Foley,MO,60,2,3,Upper Midwest,R3
232130,Lane Lopez,,LIsbon,ND,349,21,3,Upper Midwest,R3
522647,Harper Harris,,Sioux Falls,SD,350,21,3,Upper Midwest,R3
249167,Terry Anderson,ERIC BOE AND SONS LLC,ROSE CREEK,MN,347,3,3,Upper Midwest,R3
494464,Ellis Miller,,Cuauhtémoc,CH,154,19,5,South Atlantic,R5
522648,Morgan Jones,,Arma,KS,3,1,3,Upper Midwest,R3
62760,Reed Martinez,Equipment Unlimited,Grove,OK,3,1,3,Upper Midwest,R3
347258,Mason Martin,Organized Hauling Solutions LLC,Saint Charles,MO,60,2,3,Upper Midwest,R3
306064,Harper Thomas,,MEXICO,ME,417,30,1,North Atlantic,R1
67199,Sage Davis,A-1 Pump and Jet Services Incorporated,Emporia,KS,2,1,3,Upper Midwest,R3
349644,Quinn Garcia,Andy Yeager Motors Inc,Lead Hill,AR,17,14,4,Southern Plains,R4
366304,Reed Wilson,Rl Multiociones Sa de Cv,Monclova,CO,,,,,
359857,Mason Rodriguez,,Hutchinson,KS,5,1,3,Upper Midwest,R3
378565,Noel Rodriguez,,Pilot point,TX,27,4,4,Southern Plains,R4
369427,Jordan Miller,D&G Farms and Equipment,New Albany,MS,135,17,5,South Atlantic,R5
95762,Lane Brown,,Ponca City,OK,2,1,3,Upper Midwest,R3
524547,Kendall Williams,,Moore,OK,7,13,4,Southern Plains,R4
203097,Kendall Martin,,Minco,OK,7,13,4,Southern Plains,R4
420072,River Harris,,Talala,OK,3,1,3,Upper Midwest,R3
460495,Gray Rodriguez,,Stratford,OK,7,13,4,Southern Plains,R4
244938,Jordan Davis,Griffs Ranch LLC,Talihina,OK,356,13,4,Southern Plains,R4
225066,Terry White,,Mulhall,OK,2,1,3,Upper Midwest,R3
403403,Riley Robinson,,Meoqui,CH,167,20,5,South Atlantic,R5
340653,Jamie White,,Guthrie,OK,2,1,3,Upper Midwest,R3
355635,Jordan Robinson,,Hulbert,OK,18,13,4,Southern Plains,R4
238113,Alex Miller,,Holly,CO,210,7,3,Upper Midwest,R3
250515,Jamie Thompson,,Ardmore,OK,355,13,4,Southern Plains,R4
484275,Lane Jackson,,Bethel Acres,OK,422,13,4,Southern Plains,R4
480693,Sage Clark,Gomez Trucking,Amarillo,TX,69,5,4,Southern Plains,R4
206481,Lane Thompson,"Dewey County, OK",Seiling,OK,22,1,3,Upper Midwest,R3
309888,Dakota Thompson,,Crawford,CO,211,7,3,Upper Midwest,R3
524036,Cameron Anderson,,Wadsworth,OH,189,24,6,Great Lakes,R6
414993,Ellis Taylor,,North Platte,NE,50,21,3,Upper Midwest,R3
253858,Alex Walker,,Ellis,KS,6,1,3,Upper Midwest,R3
161667,Sam Miller,Clayton Tessendorf,Circleville,KS,4,2,3,Upper Midwest,R3
137523,Drew Anderson,Weber Road Solutions LLC,Salina,KS,99,1,3,Upper Midwest,R3
474922,Terry Lopez,,Pueblo,CO,210,7,3,Upper Midwest,R3
8051,Wesley Williams,Wilkens Mfg. Inc.,Stockton,KS,6,1,3,Upper Midwest,R3
25882,Morgan Rodriguez,,Minneapolis,KS,99,1,3,Upper Midwest,R3
287492,Terry Jones,Jeremy Tess,East Troy,WI,116,6,6,Great Lakes,R6
293050,Blake Johnson,,Lincoln,NE,51,21,3,Upper Midwest,R3
440092,Dakota Lewis,,South Coffeyville,OK,3,1,3,Upper Midwest,R3
322994,Indigo White,,Polo,MO,108,2,3,Upper Midwest,R3
342381,Riley Martinez,Gutter Services Unlimited Inc,Maryland Heights,MO,421,2,3,Upper Midwest,R3
461666,Quinn Lee,,Hill City,KS,6,1,3,Upper Midwest,R3
499362,Sage Davis,,Aberdeen,SD,350,21,3,Upper Midwest,R3
40698,Drew Thomas,,Orleans,NE,50,21,3,Upper Midwest,R3
10986,Jordan Taylor,Snakebyte Management LLC,Smith Center,KS,6,1,3,Upper Midwest,R3
85939,Jamie Harris,,Salina,KS,99,1,3,Upper Midwest,R3
415086,Avery Brown,,Pflugerville,TX,354,4,4,Southern Plains,R4
356099,Jordan Walker,Midwest Autoplex,Saint Louis,MO,421,2,3,Upper Midwest,R3
524538,Casey Lopez,,Harvard,IL,115,22,6,Great Lakes,R6
419941,Alex Thomas,Aaron Auto & Metal Recycling,Grand Mound,IA,31,3,3,Upper Midwest,R3
472619,Riley Jackson,,Saint Joseph,MO,4,2,3,Upper Midwest,R3
193083,River Brown,John Whetzal,Centralia,KS,4,2,3,Upper Midwest,R3
326285,Mason Martinez,,Bern,KS,4,2,3,Upper Midwest,R3
49148,Reed Brown,,Hays,KS,6,1,3,Upper Midwest,R3
218680,Terry Walker,,Lakin,KS,22,1,3,Upper Midwest,R3
90214,Lane Garcia,,Wichita,KS,5,1,3,Upper Midwest,R3
231146,Parker Clark,Associate Services Inc,Colorado Springs,CO,210,7,3,Upper Midwest,R3
448387,Riley Thomas,,Quincy,IL,117,22,6,Great Lakes,R6
520779,Taylor Harris,,emporia,KS,2,1,3,Upper Midwest,R3
63721,Taylor Garcia,,Towanda,KS,2,1,3,Upper Midwest,R3
524386,Jordan Taylor,,Adair,OK,3,1,3,Upper Midwest,R3
409794,Casey Lopez,ARROW M LLC,Lamar,MO,3,1,3,Upper Midwest,R3
522740,Kendall Wilson,,Pittsburg,KS,3,1,3,Upper Midwest,R3
116060,Morgan Gonzalez,Coach Masters Inc,Kearney,NE,50,21,3,Upper Midwest,R3
463419,Dakota Brown,MNT Transportation,Topeka,KS,4,2,3,Upper Midwest,R3
126942,Lane Smith,,VALLEY CENTER,KS,5,1,3,Upper Midwest,R3
497022,Mason Hall,,Council Grove,KS,2,1,3,Upper Midwest,R3
165378,Blake Martin,,Bixby,OK,18,13,4,Southern Plains,R4
119633,Kendall Perez,,Grand Island,NE,50,21,3,Upper Midwest,R3
524585,Alex Harris,,Garden City,KS,22,1,3,Upper Midwest,R3
523154,Kendall Lopez,,Wichita,KS,5,1,3,Upper Midwest,R3
375067,Kendall Lopez,,Coldwater,KS,2,1,3,Upper Midwest,R3
408012,Indigo Moore,HEDRICK WATER WELL DRILLING,Chester,OK,2,1,3,Upper Midwest,R3
491792,Harper Hall,,Shawnee,KS,4,2,3,Upper Midwest,R3
310381,Mason Jackson,,Sugar Land,TX,45,15,4,Southern Plains,R4
234155,Dakota Wilson,Titanium Trucking,Odessa,MO,9,2,3,Upper Midwest,R3
522378,Riley Johnson,,Virginia,IL,117,22,6,Great Lakes,R6
56473,Harper Miller,,Carrollton,MO,108,2,3,Upper Midwest,R3
289925,Indigo Hernandez,Hoerr's Blacktop & Sealcoating,Trivoli,IL,117,22,6,Great Lakes,R6
288063,Noel Jackson,,Waterloo,IA,23,3,3,Upper Midwest,R3
21625,Lane Garcia,Chicago Motors Inc,Chicago,IL,196,6,6,Great Lakes,R6
37984,Cameron Garcia,Emergency Vehicle Resources,Claremore,OK,3,1,3,Upper Midwest,R3
270069,Blake Harris,Edrees Abdulla,Blue Springs,MO,9,2,3,Upper Midwest,R3
521498,Harper Taylor,,Imperial,MO,421,2,3,Upper Midwest,R3
145421,Ellis Thompson,Brink Bros. Grain & Trucking Inc.,Sandoval,IL,371,22,6,Great Lakes,R6
141553,Jamie White,Alsikander International & Co,Karachi Pakistan,FM,,,,,
165987,Jamie Rodriguez,Jahn Farms,Jackson,MO,25,2,3,Upper Midwest,R3
521468,Blake Garcia,Jefferson County Public Sewer District,Hillsboro,MO,421,2,3,Upper Midwest,R3
188521,Terry Perez,John Brewner,Kaiser,MO,19,2,3,Upper Midwest,R3
134735,Avery Rodriguez,,Burlington,KS,2,1,3,Upper Midwest,R3
379586,Cameron Smith,Chiefs Auto Group,Hempstead,TX,351,15,4,Southern Plains,R4
221361,Jamie Gonzalez,,Windsor,MO,9,2,3,Upper Midwest,R3
156471,River White,,Leavenworth,KS,4,2,3,Upper Midwest,R3
159533,Ellis Lopez,,Ponca City,OK,2,1,3,Upper Midwest,R3
207569,Kendall White,JRC Solutions,Leavenworth,KS,4,2,3,Upper Midwest,R3
476267,Indigo Davis,,Thayer,MO,19,2,3,Upper Midwest,R3
223070,Dakota Gonzalez,,Muskogee,OK,18,13,4,Southern Plains,R4
32791,Quinn Clark,,Kanopolis,KS,99,1,3,Upper Midwest,R3
61784,Finley Rodriguez,Ryan Hughes,Halstead,KS,5,1,3,Upper Midwest,R3
213885,Reed Lopez,,Lincoln,NE,51,21,3,Upper Midwest,R3
338714,Wesley Moore,MORRR LLC,Republic,MO,19,2,3,Upper Midwest,R3
382439,Sam Wilson,Auburn Washburn USD 437,Auburn,KS,4,2,3,Upper Midwest,R3
451849,Gray Hernandez,Midwest Asphalt Services,Bennington,NE,51,21,3,Upper Midwest,R3
513559,Avery Thompson,,Kimball,NE,50,21,3,Upper Midwest,R3
86427,Avery Martin,,Perry,KS,4,2,3,Upper Midwest,R3
21554,Lane Perez,Stanwix Farms,Grantville,KS,4,2,3,Upper Midwest,R3
235799,River Perez,Outreach For America,Jay,OK,3,1,3,Upper Midwest,R3
59976,Taylor Rodriguez,Schuster Farm,Morrill,KS,4,2,3,Upper Midwest,R3
478916,Finley Taylor,,Richland,MO,19,2,3,Upper Midwest,R3
197437,Reed Davis,Timberwolf Lake Works,Shelbyville,TX,88,4,4,Southern Plains,R4
63660,Sage Thomas,,El Reno,OK,7,13,4,Southern Plains,R4
304889,Blake Thompson,Scott Robbins (MO),High Ridge,MO,421,2,3,Upper Midwest,R3
472345,Sage Lewis,,Cuauhtémoc,CH,15,14,4,Southern Plains,R4
388473,Mason Rodriguez,,Idabel,OK,356,13,4,Southern Plains,R4
471426,Noel Rodriguez,,Coalgate,OK,356,13,4,Southern Plains,R4
333871,Val Clark,Double O Services,Keota,OK,356,13,4,Southern Plains,R4
53563,Finley Walker,Leiker Farms,Hays,KS,6,1,3,Upper Midwest,R3
432093,River Martinez,Andrew Hunter,Cassville,MO,17,14,4,Southern Plains,R4
68671,Ellis Smith,Berco Construction Co,Cottage Hills,IL,421,2,3,Upper Midwest,R3
489443,Kendall Jones,,Kansas City,KS,4,2,3,Upper Midwest,R3
218668,Dakota Walker,Lewis Ground Maintenance,Warrensburg,MO,9,2,3,Upper Midwest,R3
522983,Blake Garcia,,Queen Creek,AZ,365,8,2,Pacific Coast,R2
315719,Gray Brown,Owen LLC,Sugar Creek,MO,9,2,3,Upper Midwest,R3
391649,Sage Martinez,,Oklahoma City,OK,422,13,4,Southern Plains,R4
491337,Kendall Gonzalez,,Colorado Springs,CO,210,7,3,Upper Midwest,R3
104191,Parker Davis,"Global Emergency Vehicles, Inc",Levittown,PA,308,27,1,North Atlantic,R1
384357,Lane Jones,,Raytown,MO,9,2,3,Upper Midwest,R3
5289,Wesley Rodriguez,,Belton,MO,9,2,3,Upper Midwest,R3
524329,Kendall Lewis,,Albuquerque,NM,71,5,4,Southern Plains,R4
403443,Reed Garcia,,Branson,MO,17,14,4,Southern Plains,R4
302231,Sam Harris,R WAY FARMS GRP,STRATFORD,TX,69,5,4,Southern Plains,R4
264606,Casey Perez,Adelman's Truck and Equipment,Chicago,IL,196,6,6,Great Lakes,R6
522420,Casey Hall,,Jackson,TN,176,16,5,South Atlantic,R5
519711,Jamie Hernandez,,Clinton,LA,133,14,4,Southern Plains,R4
352930,Parker White,,Kansas City,MO,9,2,3,Upper Midwest,R3
181240,Riley Clark,Katanic Built Inc.,Roeland Park,KS,4,2,3,Upper Midwest,R3
487445,Casey Martin,,Rock,KS,2,1,3,Upper Midwest,R3
280733,Indigo Smith,Ozark Mountain Transportation LLC,Willard,MO,19,2,3,Upper Midwest,R3
413726,Sam Martin,,Van Meter,IA,346,3,3,Upper Midwest,R3
524207,Noel Robinson,,Houston,TN,179,16,5,South Atlantic,R5
438119,Sage Martinez,,Lincoln,NE,51,21,3,Upper Midwest,R3
522918,Indigo White,,Walshville,IL,371,22,6,Great Lakes,R6
509258,Avery Moore,,MARION,IL,371,22,6,Great Lakes,R6
327627,Drew Perez,,Stilwell,KS,4,2,3,Upper Midwest,R3
291719,Jordan Walker,,Kingsville,MO,9,2,3,Upper Midwest,R3
521722,Jordan Brown,,New Braunfels,TX,352,15,4,Southern Plains,R4
48714,Riley Johnson,Billco Services,Baldwin City,KS,4,2,3,Upper Midwest,R3
108334,Jordan Jackson,,La Cygne,KS,4,2,3,Upper Midwest,R3
425578,Riley Lopez,,Kermit,TX,215,5,4,Southern Plains,R4
517957,Indigo Robinson,,Palco,KS,6,1,3,Upper Midwest,R3
382688,Val Hernandez,,Lawrence,KS,4,2,3,Upper Midwest,R3
433782,Val Jones,Grace and Peace Deliveries Inc.,Olathe,KS,4,2,3,Upper Midwest,R3
520995,Lane Davis,,lakeland,FL,163,20,5,South Atlantic,R5
364302,Blake Gonzalez,,Wonewoc,WI,216,6,6,Great Lakes,R6
333036,River Hall,Portalfer Enterprise,Kansas City,MO,9,2,3,Upper Midwest,R3
402418,Alex Jackson,McNish Transportation,Ava,MO,19,2,3,Upper Midwest,R3
106683,Ellis Miller,Webster County Farms,Marshfield,MO,19,2,3,Upper Midwest,R3
151261,Wesley Lee,,Garden City,KS,22,1,3,Upper Midwest,R3
523099,Ellis White,,St. Louis,MO,421,2,3,Upper Midwest,R3
522178,Reed Hernandez,,Garden City,KS,22,1,3,Upper Midwest,R3
521964,Gray Jackson,,Clinton,MO,9,2,3,Upper Midwest,R3
385090,Sage Lewis,,Hot Springs,SD,21,21,3,Upper Midwest,R3
436405,Quinn Hernandez,,Lincoln,NE,51,21,3,Upper Midwest,R3
384367,Blake Hernandez,Great Plains Protection Agency,Mustang,OK,7,13,4,Southern Plains,R4
418722,Finley Clark,,Broken Arrow,OK,18,13,4,Southern Plains,R4
484696,Kendall Martin,4 State Equipment Rentals,Granby,MO,3,1,3,Upper Midwest,R3
524363,Drew Garcia,Donta Hanks,Kansas City,MO,9,2,3,Upper Midwest,R3
180510,Mason Taylor,Martin Dunn Country Auto Sales Inc,Wister,OK,356,13,4,Southern Plains,R4
211832,Quinn Hernandez,Kings Rental & Supply LLC,Hennessey,OK,7,13,4,Southern Plains,R4
510843,Finley Hernandez,,Tulsa,OK,18,13,4,Southern Plains,R4
303238,Casey Thomas,,Statesville,NC,168,18,5,South Atlantic,R5
217837,Morgan Davis,Justin Smith Farms,Walnut Grove,MO,19,2,3,Upper Midwest,R3
511439,Quinn Clark,,Broken Arrow,OK,18,13,4,Southern Plains,R4
414081,Alex Hernandez,Michael Cavanaugh,Wichita,KS,5,1,3,Upper Midwest,R3
384335,Kendall Robinson,,Fuquay-Varina,NC,169,18,5,South Atlantic,R5
415273,Blake Lopez,,Wagoner,OK,18,13,4,Southern Plains,R4
413072,Riley Hall,,Ponca City,OK,2,1,3,Upper Midwest,R3
240641,Dakota Lopez,Lake Public Safety LLC,Gravois Mills,MO,9,2,3,Upper Midwest,R3
426529,Reed Martinez,,Pauls Valley,OK,7,13,4,Southern Plains,R4
216423,Dakota Gonzalez,Charrette Creek Excavating LLC,Marthasville,MO,60,2,3,Upper Midwest,R3
346345,Jamie Miller,,Indianola,IA,346,3,3,Upper Midwest,R3
113953,Quinn Miller,Homestead Supply LLC,Olathe,KS,4,2,3,Upper Midwest,R3
424200,Taylor Williams,Prairie Automotive,Sioux Falls,SD,350,21,3,Upper Midwest,R3
247648,Noel Taylor,,Sioux Falls,SD,350,21,3,Upper Midwest,R3
135284,Quinn Smith,Assman Impl. Inc.,Mission,SD,21,21,3,Upper Midwest,R3
524203,Mason Thomas,,Santee,SC,298,19,5,South Atlantic,R5
261201,Quinn Williams,,AMARILLO,TX,69,5,4,Southern Plains,R4
324762,Indigo Garcia,,New Caney,TX,351,15,4,Southern Plains,R4
447725,Jordan Wilson,,Fort Smith,AR,356,13,4,Southern Plains,R4
329773,Jordan Johnson,,Tulsa,OK,18,13,4,Southern Plains,R4
223832,Kendall Harris,,Springfield,MO,19,2,3,Upper Midwest,R3
131594,Harper Harris,,Topeka,KS,99,1,3,Upper Midwest,R3
521484,Avery Garcia,Gregory Luebbert,Fulton,MO,19,2,3,Upper Midwest,R3
318331,Jamie Clark,,Oklahoma City,OK,422,13,4,Southern Plains,R4
294276,Sage Clark,,Garden City,KS,22,1,3,Upper Midwest,R3
520169,Taylor Moore,,Garden City,KS,22,1,3,Upper Midwest,R3
521969,Dakota Brown,,Garden City,KS,22,1,3,Upper Midwest,R3
5104,Harper Williams,,Norton,KS,6,1,3,Upper Midwest,R3
71473,Lane Hernandez,,Wichita,KS,5,1,3,Upper Midwest,R3
372136,Dakota Walker,,Hull,IA,23,3,3,Upper Midwest,R3
524506,Wesley Clark,,Spring Hill,KS,4,2,3,Upper Midwest,R3
471793,Mason Williams,,Missouri City,TX,45,15,4,Southern Plains,R4
467456,Ellis Hall,Otse Amorighoye,Chicago Heights,IL,196,6,6,Great Lakes,R6
131524,Cameron Thompson,TNT Machine,Maize,KS,5,1,3,Upper Midwest,R3
522559,Quinn Miller,,Odessa,MO,9,2,3,Upper Midwest,R3
525122,Lane Jackson,,Weeping Water,NE,51,21,3,Upper Midwest,R3
525190,Sage Gonzalez,,Salina,KS,99,1,3,Upper Midwest,R3
457631,Reed Robinson,,Salina,KS,99,1,3,Upper Midwest,R3
523421,Jamie Taylor,"Van Rees Motorsports, LLC",Victor,IA,31,3,3,Upper Midwest,R3
455898,Jordan Gonzalez,Scattered Acres LLC,Edmond,OK,422,13,4,Southern Plains,R4
525585,Avery Brown,Ocean State Forklifts,Seekonk,MA,411,29,1,North Atlantic,R1
491713,Indigo Clark,,Kingman,AZ,327,12,2,Pacific Coast,R2
522174,Drew Moore,,Friendswood,TX,45,15,4,Southern Plains,R4
252455,Reed Gonzalez,State Line Mats LLC,Lancaster,MO,108,2,3,Upper Midwest,R3
485898,Dakota Jones,,san juan del rio,QE,,,,,
381047,Drew Martin,Mid America Parts,Springfield,MO,19,2,3,Upper Midwest,R3
253892,Indigo Clark,Josh Kuehnel,Dow,IL,421,2,3,Upper Midwest,R3
356366,Taylor Perez,,Moscow Mills,MO,60,2,3,Upper Midwest,R3
452163,Morgan Jones,,Oak Park,IL,196,6,6,Great Lakes,R6
231664,Val White,,Pryor,OK,3,1,3,Upper Midwest,R3
110066,Dakota Miller,Cole Equipment Inc.,Ada,OK,356,13,4,Southern Plains,R4
218480,Gray White,Edward Reilly,Sturgeon,MO,19,2,3,Upper Midwest,R3
131710,Ellis Martin,Arantza Trucking,Lincoln,NE,51,21,3,Upper Midwest,R3
299837,Lane Jackson,,Los Lunas,NM,71,5,4,Southern Plains,R4
104280,Parker Miller,Maquinaria Agrícola Thiessen SA DE CV,cuauhtemoc,CH,,,,,
196374,Drew Thompson,Miner Sales Inc,Seguin,TX,352,15,4,Southern Plains,R4
431318,Jordan Rodriguez,Grove Public Schools,Grove,OK,3,1,3,Upper Midwest,R3
365455,Wesley Wilson,,Brownsville,TX,77,15,4,Southern Plains,R4
525307,Morgan Gonzalez,,Grayslake,IL,196,6,6,Great Lakes,R6
279950,Noel Martinez,,MONCLOVA,CO,,,,,
271299,Quinn Lee,,Joplin,MO,3,1,3,Upper Midwest,R3
521347,Morgan Miller,,Jacksonville,NC,172,18,5,South Atlantic,R5
503161,River Williams,,Oklahoma City,OK,422,13,4,Southern Plains,R4
242292,Sam White,,Omaha,NE,51,21,3,Upper Midwest,R3
462643,Indigo Jackson,Complete Asphalt Maintenance,Camdenton,MO,19,2,3,Upper Midwest,R3
521765,Morgan Davis,,Gore,OK,18,13,4,Southern Plains,R4
449140,Indigo Perez,Triple D Auto,Worthing,SD,350,21,3,Upper Midwest,R3
118915,Wesley Lopez,Thomas Streicher,Garden City,MO,9,2,3,Upper Midwest,R3
44036,Jamie Clark,"Chelepis & Associates, inc",Overland Park,KS,4,2,3,Upper Midwest,R3
327412,Sam Moore,,Porter,OK,18,13,4,Southern Plains,R4
235774,Morgan Martinez,,Durham,OK,355,13,4,Southern Plains,R4
378026,Avery Martin,Triple Z Logging,Tunas,MO,19,2,3,Upper Midwest,R3
306739,Val Thompson,GD Construction Inc,Rowlett,TX,197,4,4,Southern Plains,R4
335946,Alex Garcia,Snoring Meadows,Noble,OK,7,13,4,Southern Plains,R4
454121,Dakota Brown,,Amarillo,TX,69,5,4,Southern Plains,R4
101668,Cameron Martinez,,Hollister,CA,337,11,2,Pacific Coast,R2
75942,Taylor Jones,Lollar Farms,Atchison,KS,4,2,3,Upper Midwest,R3
525906,Jordan Thompson,,Grovespring,MO,19,2,3,Upper Midwest,R3
434296,Sage White,,Sugar Land,TX,45,15,4,Southern Plains,R4
525558,Jordan Hall,,El Paso,TX,358,5,4,Southern Plains,R4
185169,Morgan Jackson,,SAN ELIZARIO,TX,358,5,4,Southern Plains,R4
516773,Parker Jackson,,janos,CH,422,13,4,Southern Plains,R4
525881,Cameron Jackson,,Wichita,KS,5,1,3,Upper Midwest,R3
498962,Sam Harris,,Perkins,OK,422,13,4,Southern Plains,R4
183270,Parker Davis,Autos Trucks & More,Chadron,NE,50,21,3,Upper Midwest,R3
412839,Sam Lewis,,Griswold,IA,51,21,3,Upper Midwest,R3
118596,Drew Clark,Pekin Grain Handling,Hedrick,IA,346,3,3,Upper Midwest,R3
504393,Finley Clark,,Fallon,MT,397,7,3,Upper Midwest,R3
497123,River Jackson,B&H Supplies LLC,Los Angeles,CA,368,11,2,Pacific Coast,R2
13770,Parker Jones,,Wichita,KS,5,1,3,Upper Midwest,R3
91622,Jamie Lee,,Muldrow,OK,18,13,4,Southern Plains,R4
185352,Jamie Anderson,,Granby,MO,3,1,3,Upper Midwest,R3
525576,Parker Miller,,McAlester,OK,18,13,4,Southern Plains,R4
203972,Finley Walker,TMS Construction Inc.,Colorado Springs,CO,210,7,3,Upper Midwest,R3
398321,Val Martinez,,Thornton,CO,209,7,3,Upper Midwest,R3
292209,Sam Anderson,Price Electric Co LLC,Elkland,MO,19,2,3,Upper Midwest,R3
318182,Mason Brown,,Stigler,OK,18,13,4,Southern Plains,R4
524787,Cameron Moore,,Wichita,KS,5,1,3,Upper Midwest,R3
522940,Quinn Robinson,,Blackwell,OK,2,1,3,Upper Midwest,R3
101998,Jordan Johnson,Anderson Farm,Galva,KS,5,1,3,Upper Midwest,R3
488188,Gray Clark,,Wichita,KS,5,1,3,Upper Midwest,R3
493263,Jamie Walker,,Alum Creek,WV,300,26,1,North Atlantic,R1
522082,Reed Jackson,,Forney,TX,353,4,4,Southern Plains,R4
86409,Wesley Anderson,Total Depth,Alvarado,TX,423,4,4,Southern Plains,R4
506528,Drew Smith,,Guadalupe,NL,,,,,
384273,Jordan Lopez,Rushly Construction LLC,Garden City,MO,9,2,3,Upper Midwest,R3
523558,Lane Lewis,,Los Angeles,CA,369,12,2,Pacific Coast,R2
525136,Avery Hernandez,,Ottawa,KS,4,2,3,Upper Midwest,R3
12459,Lane Moore,Alexander Pump Service Inc,St. Marys,KS,4,2,3,Upper Midwest,R3
383100,Taylor Robinson,,Manhattan,KS,99,1,3,Upper Midwest,R3
91224,Drew Taylor,,Stilwell,KS,4,2,3,Upper Midwest,R3
156910,Blake Robinson,Womack Diesel LLC,Guthrie,OK,2,1,3,Upper Midwest,R3
204429,Val Walker,,Dayton,TX,47,15,4,Southern Plains,R4
171367,Gray Moore,,Parkville,MO,9,2,3,Upper Midwest,R3
224885,Noel White,,Hutchinson,KS,5,1,3,Upper Midwest,R3
519576,Quinn Garcia,SJD Home Services,"Grand Junction, CO",CO,211,7,3,Upper Midwest,R3
303519,Jamie Harris,,Overland Park,KS,4,2,3,Upper Midwest,R3
10068,Avery Williams,Hi Plains Sales,Copeland,KS,22,1,3,Upper Midwest,R3
451065,Indigo Martinez,German Quinones,Lakin,KS,22,1,3,Upper Midwest,R3
185648,Quinn Taylor,,PEABODY,KS,2,1,3,Upper Midwest,R3
212164,Val Robinson,Truck King,KRUM,TX,27,4,4,Southern Plains,R4
247875,Parker Garcia,Equity Management,Lawrence,KS,4,2,3,Upper Midwest,R3
350717,Parker Moore,,Maricopa,AZ,326,8,2,Pacific Coast,R2
472431,Blake Jones,,Altoona,IA,346,3,3,Upper Midwest,R3
524643,Gray Martinez,,Miami,OK,3,1,3,Upper Midwest,R3
67248,Dakota Williams,,Salina,KS,99,1,3,Upper Midwest,R3
192184,Sam Martin,,Hugoton,KS,22,1,3,Upper Midwest,R3
56061,Wesley Lee,Wilmore Solutions,Ulysses,KS,22,1,3,Upper Midwest,R3
7359,Alex Jones,Eagle Memorials,Perry,KS,4,2,3,Upper Midwest,R3
294566,Morgan Harris,Irrigation Resources,Leoti,KS,22,1,3,Upper Midwest,R3
208336,Quinn Smith,,Adair,IA,346,3,3,Upper Midwest,R3
256535,Riley Thomas,,Marshfield,WI,216,6,6,Great Lakes,R6
130895,Kendall Robinson,Specialized Removal & Demolition,Onalaska,WI,216,6,6,Great Lakes,R6
210100,Cameron Harris,"Wilde Tool Co., Inc.",Falls City,NE,51,21,3,Upper Midwest,R3
328696,Jamie Hernandez,,SOUTH SIOUX CITY,NE,51,21,3,Upper Midwest,R3
331923,Finley Jones,,LaMonte,MO,9,2,3,Upper Midwest,R3
411879,Indigo Clark,"Total Golf Construction, Inc.",Vero Beach,FL,361,20,5,South Atlantic,R5
305837,Sam Miller,Vogler Delivery Services,St. Louis,MO,421,2,3,Upper Midwest,R3
487120,Indigo Brown,,Orlando,FL,164,19,5,South Atlantic,R5
461635,Drew Lewis,,Deerfield Beach,FL,167,20,5,South Atlantic,R5
525746,Val Lopez,,Hialeah,FL,167,20,5,South Atlantic,R5
523283,Morgan Walker,Trust Us Transportation,Detroit,MI,320,24,6,Great Lakes,R6
357059,Alex Anderson,,Baltimore,MD,301,27,1,North Atlantic,R1
510001,Indigo Wilson,,Airmont,NY,406,28,1,North Atlantic,R1
245136,Indigo Jackson,,Holly,CO,210,7,3,Upper Midwest,R3
330276,Alex Brown,,Owensville,MO,60,2,3,Upper Midwest,R3
214602,Alex Anderson,,Kitchener,ON,,,,,
524649,Mason Davis,,Manhattan,KS,99,1,3,Upper Midwest,R3
132531,Drew Moore,Multiservicios y Mantenimiento 7 julio,Monclova,CO,374,23,6,Great Lakes,R6
515600,Parker Perez,WORLDWIDE WHOLESALE FORKLIFTS,FORT LAUDERDALE,FL,167,20,5,South Atlantic,R5
496544,Noel White,,Lovington,IL,371,22,6,Great Lakes,R6
524425,Taylor Thomas,,Tallahassee,FL,159,20,5,South Atlantic,R5
525698,Wesley Hall,,Eldon,MO,19,2,3,Upper Midwest,R3
195852,Jamie Clark,Wild River Properties,Springfield,MO,19,2,3,Upper Midwest,R3
78133,Kendall Thompson,Trinity Concrete,Lees Summit,MO,9,2,3,Upper Midwest,R3
106132,Sam Wilson,Lonnie Anderson,Columbia,MO,19,2,3,Upper Midwest,R3
515622,River Lewis,,Independence,MO,9,2,3,Upper Midwest,R3
201703,Blake Jones,,Durham,OK,355,13,4,Southern Plains,R4
408655,Finley Martinez,"Eastex Tool, LLC",COLDSPRING,TX,47,15,4,Southern Plains,R4
364100,Casey Lopez,,Inola,OK,3,1,3,Upper Midwest,R3
110996,Avery Anderson,"Mark One Electric Company, Inc.",OVERLAND PARK,KS,4,2,3,Upper Midwest,R3
478368,Wesley Clark,P P Mechanical,Kansas City,MO,9,2,3,Upper Midwest,R3
435066,Wesley White,,Eldridge,IA,31,3,3,Upper Midwest,R3
347784,Lane Smith,Tom's Tree Service,Albia,IA,346,3,3,Upper Midwest,R3
163255,Ellis Anderson,Rockland Stone LLC,Cottonwood Falls,KS,2,1,3,Upper Midwest,R3
126264,Jamie Hernandez,,Raytown,MO,9,2,3,Upper Midwest,R3
311601,River Davis,Joshua Stevens,Richmond,MO,9,2,3,Upper Midwest,R3
78104,Avery Miller,Briggs Brothers Sod Farm,Overland Park,KS,4,2,3,Upper Midwest,R3
428428,Dakota Williams,,Ottawa,KS,4,2,3,Upper Midwest,R3
159636,Casey Hall,S & A Equipment & Builders,Fulton,MO,19,2,3,Upper Midwest,R3
91870,Val Garcia,Tommy Sedgwick,Bonner Springs,KS,4,2,3,Upper Midwest,R3
286778,Lane Garcia,,Guilford,MO,4,2,3,Upper Midwest,R3
308953,Cameron Smith,,Kansas city,MO,9,2,3,Upper Midwest,R3
